{"type":"FeatureCollection","features":[{"type":"Feature","properties":{"location":"Pelabuhan Ulee Lheue Banda Aceh","code":"XA001","province":"Aceh"},"geometry":{"type":"Point","coordinates":[95.293521419,5.56697295500004]}},{"type":"Feature","properties":{"location":"Pelabuhan Calang Aceh Jaya","code":"XA002","province":"Aceh"},"geometry":{"type":"Point","coordinates":[95.56573421,4.63591545400004]}},{"type":"Feature","properties":{"location":"Pelabuhan Sinabang","code":"XA003","province":"Aceh"},"geometry":{"type":"Point","coordinates":[96.387409726,2.5]}},{"type":"Feature","properties":{"location":"Pelabuhan Balohan Sabang","code":"XA004","province":"Aceh"},"geometry":{"type":"Point","coordinates":[95.21722222,5.774444444]}},{"type":"Feature","properties":{"location":"Pelabuhan Lamteng Pulo Aceh - Aceh Besar","code":"XA005","province":"Aceh"},"geometry":{"type":"Point","coordinates":[95.165068,5.6444446]}},{"type":"Feature","properties":{"location":"Pelabuhan Pulau Banyak","code":"XA006","province":"Aceh"},"geometry":{"type":"Point","coordinates":[97.061111111,2.3736111111]}},{"type":"Feature","properties":{"location":"Pelabuhan Krueng Geukuh","code":"XA007","province":"Aceh"},"geometry":{"type":"Point","coordinates":[95.293521419,5.66697295500004]}},{"type":"Feature","properties":{"location":"Pelabuhan Kuala Langsa","code":"XA008","province":"Aceh"},"geometry":{"type":"Point","coordinates":[98.02,4.55]}},{"type":"Feature","properties":{"location":"Pelabuhan Kuala Bubon","code":"XA009","province":"Aceh"},"geometry":{"type":"Point","coordinates":[95.8,4.216666666667]}},{"type":"Feature","properties":{"location":"Pelabuhan Labuhan Haji","code":"XA010","province":"Aceh"},"geometry":{"type":"Point","coordinates":[96.99,3.54]}},{"type":"Feature","properties":{"location":"Pelabuhan Malahayati Aceh Besar","code":"XA011","province":"Aceh"},"geometry":{"type":"Point","coordinates":[95.525749,5.59622]}},{"type":"Feature","properties":{"location":"Pelabuhan Susoh Aceh Barat Daya","code":"XA012","province":"Aceh"},"geometry":{"type":"Point","coordinates":[96.811199,3.72008]}},{"type":"Feature","properties":{"location":"Pelabuhan Tapaktuan","code":"XA013","province":"Aceh"},"geometry":{"type":"Point","coordinates":[97.180885,3.253392]}},{"type":"Feature","properties":{"location":"Pelabuhan Singkil","code":"XA014","province":"Aceh"},"geometry":{"type":"Point","coordinates":[97.812631,2.268265]}},{"type":"Feature","properties":{"location":"Pelabuhan Lhokseumawe","code":"XA015","province":"Aceh"},"geometry":{"type":"Point","coordinates":[97.097896,5.223201]}},{"type":"Feature","properties":{"location":"Pelabuhan Belawan","code":"XB001","province":"Sumatera Utara"},"geometry":{"type":"Point","coordinates":[98.71386105,3.79555315500005]}},{"type":"Feature","properties":{"location":"Pelabuhan Sibolga","code":"XB002","province":"Sumatera Utara"},"geometry":{"type":"Point","coordinates":[98.785762,1.72842]}},{"type":"Feature","properties":{"location":"Pelabuhan Kuala Tanjung","code":"XB003","province":"Sumatera Utara"},"geometry":{"type":"Point","coordinates":[99.453840213,3.36300572200002]}},{"type":"Feature","properties":{"location":"Pelabuhan Gunung Sitoli","code":"XB004","province":"Sumatera Utara"},"geometry":{"type":"Point","coordinates":[97.609683,1.305827]}},{"type":"Feature","properties":{"location":"Pelabuhan Pangkalan Susu","code":"XB005","province":"Sumatera Utara"},"geometry":{"type":"Point","coordinates":[98.213235,4.123017]}},{"type":"Feature","properties":{"location":"Pelabuhan Tanjung Balai Asahan","code":"XB006","province":"Sumatera Utara"},"geometry":{"type":"Point","coordinates":[99.861157892,3.04252021000002]}},{"type":"Feature","properties":{"location":"Pelabuhan Tanjung Beringin","code":"XB007","province":"Sumatera Utara"},"geometry":{"type":"Point","coordinates":[99.214632029,3.50706125900006]}},{"type":"Feature","properties":{"location":"Pelabuhan Barus","code":"XB008","province":"Sumatera Utara"},"geometry":{"type":"Point","coordinates":[98.398276,2.007449]}},{"type":"Feature","properties":{"location":"Pelabuhan Batahan","code":"XB009","province":"Sumatera Utara"},"geometry":{"type":"Point","coordinates":[99.121439,0.363983]}},{"type":"Feature","properties":{"location":"Pelabuhan Lahewa","code":"XB010","province":"Sumatera Utara"},"geometry":{"type":"Point","coordinates":[97.174316301,1.41397068300005]}},{"type":"Feature","properties":{"location":"Pelabuhan Leidong","code":"XB011","province":"Sumatera Utara"},"geometry":{"type":"Point","coordinates":[99.979582,2.752325]}},{"type":"Feature","properties":{"location":"Pelabuhan Pulau Tello","code":"XB012","province":"Sumatera Utara"},"geometry":{"type":"Point","coordinates":[98.289436803,-0.035577080999929]}},{"type":"Feature","properties":{"location":"Pelabuhan Teluk Dalam","code":"XB013","province":"Sumatera Utara"},"geometry":{"type":"Point","coordinates":[97.820789,0.55453]}},{"type":"Feature","properties":{"location":"Pelabuhan Sirombu","code":"XB014","province":"Sumatera Utara"},"geometry":{"type":"Point","coordinates":[97.410944,0.94232]}},{"type":"Feature","properties":{"location":"Pelabuhan Tanjung Sarang Elang","code":"XB015","province":"Sumatera Utara"},"geometry":{"type":"Point","coordinates":[100.129796957,2.53904097700007]}},{"type":"Feature","properties":{"location":"Pelabuhan Teluk Bungus Padang","code":"XD001","province":"Sumatera Barat"},"geometry":{"type":"Point","coordinates":[100.3992,-1.030278]}},{"type":"Feature","properties":{"location":"Pelabuhan Teluk Bayur Padang","code":"XD002","province":"Sumatera Barat"},"geometry":{"type":"Point","coordinates":[100.3714,-0.997778]}},{"type":"Feature","properties":{"location":"Pelabuhan Muaro Padang","code":"XD003","province":"Sumatera Barat"},"geometry":{"type":"Point","coordinates":[100.3528,-0.965556]}},{"type":"Feature","properties":{"location":"Pelabuhan Tuapejat Sipora","code":"XD004","province":"Sumatera Barat"},"geometry":{"type":"Point","coordinates":[99.59278,-2.030556]}},{"type":"Feature","properties":{"location":"Pelabuhan Maileppet Siberut","code":"XD005","province":"Sumatera Barat"},"geometry":{"type":"Point","coordinates":[99.19667,-1.563611]}},{"type":"Feature","properties":{"location":"Pelabuhan Sikakap Pagai Utara","code":"XD006","province":"Sumatera Barat"},"geometry":{"type":"Point","coordinates":[100.215362174,-2.77867469999995]}},{"type":"Feature","properties":{"location":"Pelabuhan Sikabaluan Siberut","code":"XD007","province":"Sumatera Barat"},"geometry":{"type":"Point","coordinates":[98.95694,-1.080556]}},{"type":"Feature","properties":{"location":"Pelabuhan Air Bangis Pasaman","code":"XD008","province":"Sumatera Barat"},"geometry":{"type":"Point","coordinates":[99.26389,0.21]}},{"type":"Feature","properties":{"location":"Pelabuhan Panasahan Pesisir","code":"XD009","province":"Sumatera Barat"},"geometry":{"type":"Point","coordinates":[100.56219853,-1.36359291699994]}},{"type":"Feature","properties":{"location":"Pelabuhan Tanjung Api-Api","code":"XF001","province":"Sumatera Barat"},"geometry":{"type":"Point","coordinates":[104.8059,-2.372667]}},{"type":"Feature","properties":{"location":"Pelabuhan Boombaru","code":"XF002","province":"Sumatera Barat"},"geometry":{"type":"Point","coordinates":[105.052313463,-2.34824309499993]}},{"type":"Feature","properties":{"location":"Pelabuhan Panipahan","code":"XC001","province":"Riau"},"geometry":{"type":"Point","coordinates":[100.347379115,2.469121738]}},{"type":"Feature","properties":{"location":"Pelabuhan Bagansiapiapi","code":"XC002","province":"Riau"},"geometry":{"type":"Point","coordinates":[100.785318427,2.139677055]}},{"type":"Feature","properties":{"location":"Pelabuhan Batu Enam","code":"XC003","province":"Riau"},"geometry":{"type":"Point","coordinates":[100.797967293,2.111323167]}},{"type":"Feature","properties":{"location":"Pelabuhan Sinaboi","code":"XC004","province":"Riau"},"geometry":{"type":"Point","coordinates":[101.2086989716,2.4783879971156]}},{"type":"Feature","properties":{"location":"Pelabuhan Tg Medang","code":"XC005","province":"Riau"},"geometry":{"type":"Point","coordinates":[101.641098835036,2.28209046383588]}},{"type":"Feature","properties":{"location":"Pelabuhan Dumai","code":"XC006","province":"Riau"},"geometry":{"type":"Point","coordinates":[101.468511309208,1.70003335523581]}},{"type":"Feature","properties":{"location":"Pelabuhan Batu Panjang","code":"XC007","province":"Riau"},"geometry":{"type":"Point","coordinates":[101.521003105,1.70537211]}},{"type":"Feature","properties":{"location":"Pelabuhan Bengkalis","code":"XC008","province":"Riau"},"geometry":{"type":"Point","coordinates":[102.107052759,1.466443564]}},{"type":"Feature","properties":{"location":"Pelabuhan Sungai Pakning","code":"XC009","province":"Riau"},"geometry":{"type":"Point","coordinates":[102.173925133302,1.3814335871721]}},{"type":"Feature","properties":{"location":"Pelabuhan Tg Buton","code":"XC010","province":"Riau"},"geometry":{"type":"Point","coordinates":[102.302839495809,0.953074660975498]}},{"type":"Feature","properties":{"location":"Pelabuhan Pekanbaru","code":"XC011","province":"Riau"},"geometry":{"type":"Point","coordinates":[102.189682564459,1.28061485992583]}},{"type":"Feature","properties":{"location":"Pelabuhan Selat Panjang","code":"XC012","province":"Riau"},"geometry":{"type":"Point","coordinates":[102.628855341461,1.19607579636087]}},{"type":"Feature","properties":{"location":"Pelabuhan Dorak","code":"XC013","province":"Riau"},"geometry":{"type":"Point","coordinates":[102.630194485658,1.29614343367833]}},{"type":"Feature","properties":{"location":"Pelabuhan Sungai Guntung","code":"XC014","province":"Riau"},"geometry":{"type":"Point","coordinates":[103.618436181144,0.365391156631616]}},{"type":"Feature","properties":{"location":"Pelabuhan Kuala Gaung","code":"XC015","province":"Riau"},"geometry":{"type":"Point","coordinates":[103.56286172221,-0.149421951740563]}},{"type":"Feature","properties":{"location":"Pelabuhan Tembilahan","code":"XC016","province":"Riau"},"geometry":{"type":"Point","coordinates":[103.561475405824,-0.129668911475901]}},{"type":"Feature","properties":{"location":"Pelabuhan Rengat","code":"XC017","province":"Riau"},"geometry":{"type":"Point","coordinates":[103.552129182214,-0.166818179514934]}},{"type":"Feature","properties":{"location":"Pelabuhan Kuala Enok","code":"XC018","province":"Riau"},"geometry":{"type":"Point","coordinates":[103.500348612536,-0.538415214464391]}},{"type":"Feature","properties":{"location":"Pelabuhan Nongsapura","code":"XR001","province":"Kepulauan Riau"},"geometry":{"type":"Point","coordinates":[104.094681413,1.187951645]}},{"type":"Feature","properties":{"location":"Pelabuhan Batam Center","code":"XR002","province":"Kepulauan Riau"},"geometry":{"type":"Point","coordinates":[104.062610709,1.16491934200007]}},{"type":"Feature","properties":{"location":"Pelabuhan Harbour Bay","code":"XR003","province":"Kepulauan Riau"},"geometry":{"type":"Point","coordinates":[103.996803136,1.153287202]}},{"type":"Feature","properties":{"location":"Pelabuhan Telaga Punggur","code":"XR004","province":"Kepulauan Riau"},"geometry":{"type":"Point","coordinates":[104.132875093,1.03508302000005]}},{"type":"Feature","properties":{"location":"Pelabuhan Sekupang","code":"XR005","province":"Kepulauan Riau"},"geometry":{"type":"Point","coordinates":[103.926713,1.124855]}},{"type":"Feature","properties":{"location":"Pelabuhan Sekupang 2","code":"XR006","province":"Kepulauan Riau"},"geometry":{"type":"Point","coordinates":[103.9236681,1.12723011100007]}},{"type":"Feature","properties":{"location":"Pelabuhan Batu Ampar","code":"XR007","province":"Kepulauan Riau"},"geometry":{"type":"Point","coordinates":[104.002159585,1.16477794500002]}},{"type":"Feature","properties":{"location":"Pelabuhan Dermaga Roro Asdp Punggur","code":"XR008","province":"Kepulauan Riau"},"geometry":{"type":"Point","coordinates":[104.131419737,1.033865381]}},{"type":"Feature","properties":{"location":"Pelabuhan Tambelan","code":"XR009","province":"Kepulauan Riau"},"geometry":{"type":"Point","coordinates":[107.548145151,0.975353887]}},{"type":"Feature","properties":{"location":"Pelabuhan Jagoh","code":"XR010","province":"Kepulauan Riau"},"geometry":{"type":"Point","coordinates":[104.490347597,-0.33392538499993]}},{"type":"Feature","properties":{"location":"Pelabuhan Sei Daik","code":"XR011","province":"Kepulauan Riau"},"geometry":{"type":"Point","coordinates":[104.623909165,-0.216809998]}},{"type":"Feature","properties":{"location":"Pelabuhan Tanjung Buton","code":"XR012","province":"Kepulauan Riau"},"geometry":{"type":"Point","coordinates":[104.595039722,-0.252826201]}},{"type":"Feature","properties":{"location":"Pelabuhan Sei Tenam","code":"XR013","province":"Kepulauan Riau"},"geometry":{"type":"Point","coordinates":[104.507024272,-0.00654851599995]}},{"type":"Feature","properties":{"location":"Pelabuhan Dabo","code":"XR014","province":"Kepulauan Riau"},"geometry":{"type":"Point","coordinates":[104.565474926,-0.500747924999928]}},{"type":"Feature","properties":{"location":"Pelabuhan Sri Bintan Pura","code":"XR015","province":"Kepulauan Riau"},"geometry":{"type":"Point","coordinates":[104.439959094,0.930765889]}},{"type":"Feature","properties":{"location":"Pelabuhan Sri Payung","code":"XR016","province":"Kepulauan Riau"},"geometry":{"type":"Point","coordinates":[104.461126151,0.932107854000037]}},{"type":"Feature","properties":{"location":"Pelabuhan Roro Dompak","code":"XR017","province":"Kepulauan Riau"},"geometry":{"type":"Point","coordinates":[104.483180238,0.86718997]}},{"type":"Feature","properties":{"location":"Pelabuhan Sri Bayintan (Kijang)","code":"XR018","province":"Kepulauan Riau"},"geometry":{"type":"Point","coordinates":[104.615095499,0.808723376000046]}},{"type":"Feature","properties":{"location":"Pelabuhan Bandar Bentan Telani (Lagoi)","code":"XR019","province":"Kepulauan Riau"},"geometry":{"type":"Point","coordinates":[104.320303792,1.160454622]}},{"type":"Feature","properties":{"location":"Pelabuhan Bandar Seri Udana (Lobam)","code":"XR020","province":"Kepulauan Riau"},"geometry":{"type":"Point","coordinates":[104.2555929,1.0021248]}},{"type":"Feature","properties":{"location":"Pelabuhan Bulang Linggi (Tg.Uban)","code":"XR021","province":"Kepulauan Riau"},"geometry":{"type":"Point","coordinates":[104.2171415,1.06338459600004]}},{"type":"Feature","properties":{"location":"Pelabuhan Roro Tg. Uban (Tg.Uban)","code":"XR022","province":"Kepulauan Riau"},"geometry":{"type":"Point","coordinates":[104.219783524,1.062394886]}},{"type":"Feature","properties":{"location":"Pelabuhan Internasional Tanjung Balai Karimun","code":"XR023","province":"Kepulauan Riau"},"geometry":{"type":"Point","coordinates":[103.436420048,0.988535874]}},{"type":"Feature","properties":{"location":"Pelabuhan Sri Tanjung Gelam","code":"XR024","province":"Kepulauan Riau"},"geometry":{"type":"Point","coordinates":[103.43385554,0.989015461]}},{"type":"Feature","properties":{"location":"Pelabuhan Cargo dan Roro Parit","code":"XR025","province":"Kepulauan Riau"},"geometry":{"type":"Point","coordinates":[103.353492504,1.004616404]}},{"type":"Feature","properties":{"location":"Pelabuhan Bintang 99","code":"XR026","province":"Kepulauan Riau"},"geometry":{"type":"Point","coordinates":[103.995463970211,1.16048082437207]}},{"type":"Feature","properties":{"location":"Pelabuhan Khusus Bea Cukai","code":"XR027","province":"Kepulauan Riau"},"geometry":{"type":"Point","coordinates":[103.394469,0.992177]}},{"type":"Feature","properties":{"location":"Pelabuhan Penagi","code":"XQ001","province":"Kepulauan Riau"},"geometry":{"type":"Point","coordinates":[108.391787711,3.893569]}},{"type":"Feature","properties":{"location":"Pelabuhan Selat Lampa","code":"XQ002","province":"Kepulauan Riau"},"geometry":{"type":"Point","coordinates":[108.132060209,3.662119207]}},{"type":"Feature","properties":{"location":"Pelabuhan Subi","code":"XQ003","province":"Kepulauan Riau"},"geometry":{"type":"Point","coordinates":[108.890833189,3.02304472300005]}},{"type":"Feature","properties":{"location":"Pelabuhan Serasan","code":"XQ004","province":"Kepulauan Riau"},"geometry":{"type":"Point","coordinates":[109.008020604,2.497683533]}},{"type":"Feature","properties":{"location":"Pelabuhan Midai","code":"XQ005","province":"Kepulauan Riau"},"geometry":{"type":"Point","coordinates":[107.747994743,3.005164702]}},{"type":"Feature","properties":{"location":"Pelabuhan Pulau Laut","code":"XQ006","province":"Kepulauan Riau"},"geometry":{"type":"Point","coordinates":[107.951074712,4.675529924]}},{"type":"Feature","properties":{"location":"Pelabuhan Sedanau","code":"XQ007","province":"Kepulauan Riau"},"geometry":{"type":"Point","coordinates":[108.038039621,3.796766542]}},{"type":"Feature","properties":{"location":"Pelabuhan Tarempa","code":"XQ008","province":"Kepulauan Riau"},"geometry":{"type":"Point","coordinates":[106.217256358,3.216879867]}},{"type":"Feature","properties":{"location":"Pelabuhan Letung","code":"XQ009","province":"Kepulauan Riau"},"geometry":{"type":"Point","coordinates":[105.694820271,2.98724493300005]}},{"type":"Feature","properties":{"location":"Pelabuhan Matak","code":"XQ010","province":"Kepulauan Riau"},"geometry":{"type":"Point","coordinates":[106.23979374126,3.32623427722725]}},{"type":"Feature","properties":{"location":"Pelabuhan Sri Lakang (Kuala Maras)","code":"XQ011","province":"Kepulauan Riau"},"geometry":{"type":"Point","coordinates":[105.802471902517,2.90861543258024]}},{"type":"Feature","properties":{"location":"Pelabuhan Seluan","code":"XQ012","province":"Kepulauan Riau"},"geometry":{"type":"Point","coordinates":[107.848735841132,4.11528032507935]}},{"type":"Feature","properties":{"location":"Pelabuhan Teluk Buton","code":"XQ013","province":"Kepulauan Riau"},"geometry":{"type":"Point","coordinates":[108.212588292891,4.23242112266854]}},{"type":"Feature","properties":{"location":"Pelabuhan Binjai","code":"XQ014","province":"Kepulauan Riau"},"geometry":{"type":"Point","coordinates":[108.232742445777,3.80529362152259]}},{"type":"Feature","properties":{"location":"Pelabuhan Seminte","code":"XQ015","province":"Kepulauan Riau"},"geometry":{"type":"Point","coordinates":[108.077834544832,3.82263738408619]}},{"type":"Feature","properties":{"location":"Pelabuhan Pulau Panjang","code":"XQ016","province":"Kepulauan Riau"},"geometry":{"type":"Point","coordinates":[108.887866017307,2.72449557028763]}},{"type":"Feature","properties":{"location":"Pelabuhan Talang Duku","code":"XE001","province":"Jambi"},"geometry":{"type":"Point","coordinates":[104.272321612,-1.02325638699994]}},{"type":"Feature","properties":{"location":"Pelabuhan Roro Kuala Tungkal","code":"XE002","province":"Jambi"},"geometry":{"type":"Point","coordinates":[103.505034101,-0.786572416999945]}},{"type":"Feature","properties":{"location":"Pelabuhan Muara Sabak","code":"XE003","province":"Jambi"},"geometry":{"type":"Point","coordinates":[103.817086838,-1.00908051599992]}},{"type":"Feature","properties":{"location":"Pelabuhan PPI Nipah Panjang","code":"XE004","province":"Jambi"},"geometry":{"type":"Point","coordinates":[104.184411512,-1.04950097899995]}},{"type":"Feature","properties":{"location":"Pelabuhan Linau","code":"XG001","province":"Bengkulu"},"geometry":{"type":"Point","coordinates":[103.413326,-4.842779]}},{"type":"Feature","properties":{"location":"Pelabuhan Pulau Baai","code":"XG002","province":"Bengkulu"},"geometry":{"type":"Point","coordinates":[102.286103487,-3.89859298199996]}},{"type":"Feature","properties":{"location":"Pelabuhan Kahyapu","code":"XG003","province":"Bengkulu"},"geometry":{"type":"Point","coordinates":[102.276119876,-5.347379023]}},{"type":"Feature","properties":{"location":"Pelabuhan Panjang (Utama)","code":"XH001","province":"Lampung"},"geometry":{"type":"Point","coordinates":[105.319722,-5.468861]}},{"type":"Feature","properties":{"location":"Pelabuhan Kota Agung","code":"XH002","province":"Lampung"},"geometry":{"type":"Point","coordinates":[104.6201627,-5.4993133]}},{"type":"Feature","properties":{"location":"Pelabuhan Mesuji","code":"XH003","province":"Lampung"},"geometry":{"type":"Point","coordinates":[105.816987399,-4.14111752899992]}},{"type":"Feature","properties":{"location":"Pelabuhan Labuhan Maringgai","code":"XH004","province":"Lampung"},"geometry":{"type":"Point","coordinates":[105.819789198,-5.358099275]}},{"type":"Feature","properties":{"location":"Pelabuhan Lempasing","code":"XH005","province":"Lampung"},"geometry":{"type":"Point","coordinates":[105.260649,-5.485324]}},{"type":"Feature","properties":{"location":"Pelabuhan Teladas","code":"XH006","province":"Lampung"},"geometry":{"type":"Point","coordinates":[105.862999567,-4.40980233999994]}},{"type":"Feature","properties":{"location":"Pelabuhan Krui","code":"XH007","province":"Lampung"},"geometry":{"type":"Point","coordinates":[103.932977552,-5.183860171]}},{"type":"Feature","properties":{"location":"Pelabuhan Bakauheni","code":"XH008","province":"Lampung"},"geometry":{"type":"Point","coordinates":[105.754617,-5.870577]}},{"type":"Feature","properties":{"location":"Pelabuhan Sebesi","code":"XH009","province":"Lampung"},"geometry":{"type":"Point","coordinates":[105.513003719127,-5.93578879568928]}},{"type":"Feature","properties":{"location":"Pelabuhan Canti","code":"XH010","province":"Lampung"},"geometry":{"type":"Point","coordinates":[105.584273518765,-5.80005176771059]}},{"type":"Feature","properties":{"location":"Pelabuhan Limus","code":"XH011","province":"Lampung"},"geometry":{"type":"Point","coordinates":[104.706452758162,-5.85648493499371]}},{"type":"Feature","properties":{"location":"Pelabuhan Pangkalbalam","code":"XS001","province":"Kepulauan Bangka Belitung"},"geometry":{"type":"Point","coordinates":[106.236432143391,-2.08782326541555]}},{"type":"Feature","properties":{"location":"Pelabuhan Belinyu","code":"XS002","province":"Kepulauan Bangka Belitung"},"geometry":{"type":"Point","coordinates":[105.7344639,-1.63008889]}},{"type":"Feature","properties":{"location":"Pelabuhan Tanjur Ular","code":"XS003","province":"Kepulauan Bangka Belitung"},"geometry":{"type":"Point","coordinates":[105.126018984,-1.960558487]}},{"type":"Feature","properties":{"location":"Pelabuhan Tanjung Kalian","code":"XS004","province":"Kepulauan Bangka Belitung"},"geometry":{"type":"Point","coordinates":[105.1327139,-2.08393333]}},{"type":"Feature","properties":{"location":"Pelabuhan Sadai","code":"XS005","province":"Kepulauan Bangka Belitung"},"geometry":{"type":"Point","coordinates":[106.81388055141,-3.12339611819352]}},{"type":"Feature","properties":{"location":"Pelabuhan Tanjung Gading","code":"XS006","province":"Kepulauan Bangka Belitung"},"geometry":{"type":"Point","coordinates":[106.790845857,-3.017582037]}},{"type":"Feature","properties":{"location":"Pelabuhan Tanjung Pandan","code":"XS007","province":"Kepulauan Bangka Belitung"},"geometry":{"type":"Point","coordinates":[107.550446012883,-2.706022404977]}},{"type":"Feature","properties":{"location":"Pelabuhan Tanjung Batu","code":"XS008","province":"Kepulauan Bangka Belitung"},"geometry":{"type":"Point","coordinates":[107.5512667,-2.89665833]}},{"type":"Feature","properties":{"location":"Pelabuhan Tanjung Ru","code":"XS009","province":"Kepulauan Bangka Belitung"},"geometry":{"type":"Point","coordinates":[107.5303611,-2.93658056]}},{"type":"Feature","properties":{"location":"Pelabuhan Tanjung Nyato","code":"XS010","province":"Kepulauan Bangka Belitung"},"geometry":{"type":"Point","coordinates":[107.519041511301,-2.88676553536931]}},{"type":"Feature","properties":{"location":"Pelabuhan Sungai Selan","code":"XS011","province":"Kepulauan Bangka Belitung"},"geometry":{"type":"Point","coordinates":[105.86589512,-2.44371999932]}},{"type":"Feature","properties":{"location":"Pelabuhan Manggar","code":"XS012","province":"Kepulauan Bangka Belitung"},"geometry":{"type":"Point","coordinates":[108.316613536452,-2.84826672613983]}},{"type":"Feature","properties":{"location":"Pelabuhan Utama Dwikora Pontianak","code":"XV001","province":"Kalimantan Barat"},"geometry":{"type":"Point","coordinates":[109.211178808,0.045011724000062]}},{"type":"Feature","properties":{"location":"Pelabuhan Penyebrangan Tebas Kuala","code":"XV002","province":"Kalimantan Barat"},"geometry":{"type":"Point","coordinates":[108.984386388,1.20438668000002]}},{"type":"Feature","properties":{"location":"Pelabuhan Perikanan Nusantara Pemangkat","code":"XV003","province":"Kalimantan Barat"},"geometry":{"type":"Point","coordinates":[108.979102721,1.20108031800003]}},{"type":"Feature","properties":{"location":"Pelabuhan Internasional Kijing","code":"XV004","province":"Kalimantan Barat"},"geometry":{"type":"Point","coordinates":[108.908787887,0.506644919]}},{"type":"Feature","properties":{"location":"Pelabuhan Perikanan Pantai Sungai Rengas","code":"XV005","province":"Kalimantan Barat"},"geometry":{"type":"Point","coordinates":[109.185976974,0.031073334000041]}},{"type":"Feature","properties":{"location":"Pelabuhan Penyebrangan Rasau Jaya","code":"XV006","province":"Kalimantan Barat"},"geometry":{"type":"Point","coordinates":[109.08201977,-0.203700970999932]}},{"type":"Feature","properties":{"location":"Pelabuhan Laut Padang Tikar","code":"XV007","province":"Kalimantan Barat"},"geometry":{"type":"Point","coordinates":[109.276029677,-0.675952473999928]}},{"type":"Feature","properties":{"location":"Pelabuhan Perikanan Pantai Teluk Batang","code":"XV008","province":"Kalimantan Barat"},"geometry":{"type":"Point","coordinates":[109.76626274,-1.04245592299997]}},{"type":"Feature","properties":{"location":"Pelabuhan Laut Sukabangun","code":"XV009","province":"Kalimantan Barat"},"geometry":{"type":"Point","coordinates":[109.937082978,-1.76851318699994]}},{"type":"Feature","properties":{"location":"Pelabuhan Laut Kendawangan","code":"XV010","province":"Kalimantan Barat"},"geometry":{"type":"Point","coordinates":[110.212130751,-2.53008790099994]}},{"type":"Feature","properties":{"location":"Pelabuhan Teluk Suak","code":"XV011","province":"Kalimantan Barat"},"geometry":{"type":"Point","coordinates":[108.855833,0.788888]}},{"type":"Feature","properties":{"location":"Pulau Lemukutan","code":"XV012","province":"Kalimantan Barat"},"geometry":{"type":"Point","coordinates":[108.713888,0.758888]}},{"type":"Feature","properties":{"location":"Sei Kunyit","code":"XV013","province":"Kalimantan Barat"},"geometry":{"type":"Point","coordinates":[108.939722,0.492777]}},{"type":"Feature","properties":{"location":"Pulau Temajo","code":"XV014","province":"Kalimantan Barat"},"geometry":{"type":"Point","coordinates":[108.852777,0.497777]}},{"type":"Feature","properties":{"location":"Pelabuhan Malundung Tarakan","code":"XZ001","province":"Kalimantan Utara"},"geometry":{"type":"Point","coordinates":[117.595442,3.28329]}},{"type":"Feature","properties":{"location":"Pelabuhan Feri Juata Laut Tarakan","code":"XZ002","province":"Kalimantan Utara"},"geometry":{"type":"Point","coordinates":[117.537088388,3.430715285]}},{"type":"Feature","properties":{"location":"Pelabuhan Tanjung Selor","code":"XZ003","province":"Kalimantan Utara"},"geometry":{"type":"Point","coordinates":[117.717795207,2.90164422000003]}},{"type":"Feature","properties":{"location":"Pelabuhan Bunyu","code":"XZ004","province":"Kalimantan Utara"},"geometry":{"type":"Point","coordinates":[117.83715921,3.461869569]}},{"type":"Feature","properties":{"location":"Pelabuhan Feri Ancam Bulungan","code":"XZ005","province":"Kalimantan Utara"},"geometry":{"type":"Point","coordinates":[117.316828013,3.16283362400002]}},{"type":"Feature","properties":{"location":"Pelabuhan KIPI Tanah Kuning Bulungan","code":"XZ006","province":"Kalimantan Utara"},"geometry":{"type":"Point","coordinates":[117.903824,2.510677]}},{"type":"Feature","properties":{"location":"Pelabuhan Tunon Taka Nunukan","code":"XZ007","province":"Kalimantan Utara"},"geometry":{"type":"Point","coordinates":[117.66702,4.144225609]}},{"type":"Feature","properties":{"location":"Pelabuhan Sei Nyamuk Sebatik","code":"XZ008","province":"Kalimantan Utara"},"geometry":{"type":"Point","coordinates":[117.902616233,4.160981542]}},{"type":"Feature","properties":{"location":"Pelabuhan Feri Sei Jepun Nunukan","code":"XZ009","province":"Kalimantan Utara"},"geometry":{"type":"Point","coordinates":[117.7306924,4.07585912]}},{"type":"Feature","properties":{"location":"Pelabuhan Feri Liang Bunyu Sebatik","code":"XZ010","province":"Kalimantan Utara"},"geometry":{"type":"Point","coordinates":[117.753058782,4.103859961]}},{"type":"Feature","properties":{"location":"Pelabuhan Speedboat Malinau","code":"XZ011","province":"Kalimantan Utara"},"geometry":{"type":"Point","coordinates":[117.523108736,3.55208823800006]}},{"type":"Feature","properties":{"location":"Pelabuhan Tideng Pale. Kabupaten Tana Tidung","code":"XZ012","province":"Kalimantan Utara"},"geometry":{"type":"Point","coordinates":[117.524811583,3.54457629800003]}},{"type":"Feature","properties":{"location":"Pelabuhan Feri Sei Bawan Kabupaten Tana Tidung","code":"XZ013","province":"Kalimantan Utara"},"geometry":{"type":"Point","coordinates":[117.527357599,3.54471316200005]}},{"type":"Feature","properties":{"location":"Pelabuhan Tengkayu I Tarakan","code":"XZ014","province":"Kalimantan Utara"},"geometry":{"type":"Point","coordinates":[117.5672957,3.2912922]}},{"type":"Feature","properties":{"location":"Pelabuhan Sembakung","code":"XZ015","province":"Kalimantan Utara"},"geometry":{"type":"Point","coordinates":[116.7255735,3.8492683]}},{"type":"Feature","properties":{"location":"Pelabuhan Liem Hie Djung Nunukan","code":"XZ016","province":"Kalimantan Utara"},"geometry":{"type":"Point","coordinates":[117.6448348,4.1438091]}},{"type":"Feature","properties":{"location":"Pelabuhan Speedboat Tana Kuning","code":"XZ017","province":"Kalimantan Utara"},"geometry":{"type":"Point","coordinates":[117.8157013,2.6042753]}},{"type":"Feature","properties":{"location":"Pelabuhan Peti Kemas","code":"XY001","province":"Kalimantan Timur"},"geometry":{"type":"Point","coordinates":[117.543173626,-0.604997065999953]}},{"type":"Feature","properties":{"location":"Pelabuhan Semayang","code":"XY002","province":"Kalimantan Timur"},"geometry":{"type":"Point","coordinates":[116.805795195,-1.272882327]}},{"type":"Feature","properties":{"location":"Pelabuhan Kampung Baru","code":"XY003","province":"Kalimantan Timur"},"geometry":{"type":"Point","coordinates":[116.815,-1.219]}},{"type":"Feature","properties":{"location":"Pelabuhan Kariangau. Balikpapan","code":"XY004","province":"Kalimantan Timur"},"geometry":{"type":"Point","coordinates":[116.769720721,-1.21583534899997]}},{"type":"Feature","properties":{"location":"Pelabuhan Penajam Paser Utara","code":"XY005","province":"Kalimantan Timur"},"geometry":{"type":"Point","coordinates":[116.764046271,-1.23003571399993]}},{"type":"Feature","properties":{"location":"Pelabuhan Tanjung Laut","code":"XY006","province":"Kalimantan Timur"},"geometry":{"type":"Point","coordinates":[117.49257468,0.112033390000022]}},{"type":"Feature","properties":{"location":"Pelabuhan Tanah Grogot Pondong","code":"XY007","province":"Kalimantan Timur"},"geometry":{"type":"Point","coordinates":[116.251183151,-1.803415806]}},{"type":"Feature","properties":{"location":"Pelabuhan Sangkulirang","code":"XY008","province":"Kalimantan Timur"},"geometry":{"type":"Point","coordinates":[117.990215801,0.961218276000068]}},{"type":"Feature","properties":{"location":"Pelabuhan Maloy","code":"XY009","province":"Kalimantan Timur"},"geometry":{"type":"Point","coordinates":[117.934180336,0.803924757]}},{"type":"Feature","properties":{"location":"Pelabuhan Kuala Samboja","code":"XY010","province":"Kalimantan Timur"},"geometry":{"type":"Point","coordinates":[117.115545565,-1.019706666]}},{"type":"Feature","properties":{"location":"Pelabuhan Tanjung Redeb","code":"XY011","province":"Kalimantan Timur"},"geometry":{"type":"Point","coordinates":[117.97264703,2.16051793100007]}},{"type":"Feature","properties":{"location":"Pelabuhan Mantritip","code":"XY012","province":"Kalimantan Timur"},"geometry":{"type":"Point","coordinates":[117.816420005,2.01477094800003]}},{"type":"Feature","properties":{"location":"Pelabuhan Sangatta","code":"XY013","province":"Kalimantan Timur"},"geometry":{"type":"Point","coordinates":[117.645374582,0.529357654]}},{"type":"Feature","properties":{"location":"Pelabuhan Lhok Tuan","code":"XY014","province":"Kalimantan Timur"},"geometry":{"type":"Point","coordinates":[117.487574392,0.16546330400007]}},{"type":"Feature","properties":{"location":"Pelabuhan Tanjung Santan","code":"XY015","province":"Kalimantan Timur"},"geometry":{"type":"Point","coordinates":[117.46595892,-0.103522904]}},{"type":"Feature","properties":{"location":"Pelabuhan Tanjung Batu. Balikpapan","code":"XY016","province":"Kalimantan Timur"},"geometry":{"type":"Point","coordinates":[118.0908716,2.2774885]}},{"type":"Feature","properties":{"location":"Pelabuhan Pulau Derawan","code":"XY017","province":"Kalimantan Timur"},"geometry":{"type":"Point","coordinates":[117.6127193,2.1960199]}},{"type":"Feature","properties":{"location":"Pelabuhan Pulau Maratua","code":"XY018","province":"Kalimantan Timur"},"geometry":{"type":"Point","coordinates":[118.5585963,2.2753417]}},{"type":"Feature","properties":{"location":"Pelabuhan Panglima Utar","code":"XW001","province":"Kalimantan Tengah"},"geometry":{"type":"Point","coordinates":[111.733000207,-2.84277690799996]}},{"type":"Feature","properties":{"location":"Pelabuhan Bumi Harjo","code":"XW002","province":"Kalimantan Tengah"},"geometry":{"type":"Point","coordinates":[111.730756504,-2.84566718999997]}},{"type":"Feature","properties":{"location":"Pelabuhan Pangkalan Bun","code":"XW003","province":"Kalimantan Tengah"},"geometry":{"type":"Point","coordinates":[111.417925598,-2.91348600199995]}},{"type":"Feature","properties":{"location":"Pelabuhan Kuala Jelai","code":"XW004","province":"Kalimantan Tengah"},"geometry":{"type":"Point","coordinates":[110.749372045851,-3.07218967957232]}},{"type":"Feature","properties":{"location":"Pelabuhan Sukamara","code":"XW005","province":"Kalimantan Tengah"},"geometry":{"type":"Point","coordinates":[110.732308483,-2.98918811399994]}},{"type":"Feature","properties":{"location":"Pelabuhan Sampit","code":"XW006","province":"Kalimantan Tengah"},"geometry":{"type":"Point","coordinates":[113.081644018159,-3.26033010544341]}},{"type":"Feature","properties":{"location":"Pelabuhan Bagendang","code":"XW007","province":"Kalimantan Tengah"},"geometry":{"type":"Point","coordinates":[113.043322208,-3.00364790999992]}},{"type":"Feature","properties":{"location":"Pelabuhan Kuala Pembuang","code":"XW008","province":"Kalimantan Tengah"},"geometry":{"type":"Point","coordinates":[112.575942289,-3.44046602199995]}},{"type":"Feature","properties":{"location":"Pelabuhan Teluk Segintung","code":"XW009","province":"Kalimantan Tengah"},"geometry":{"type":"Point","coordinates":[112.378863586,-3.334985449]}},{"type":"Feature","properties":{"location":"Pelabuhan Bukit Pinang","code":"XW010","province":"Kalimantan Tengah"},"geometry":{"type":"Point","coordinates":[114.063224803,-3.33041694499996]}},{"type":"Feature","properties":{"location":"Pelabuhan Pulang Pisau","code":"XW011","province":"Kalimantan Tengah"},"geometry":{"type":"Point","coordinates":[114.250417827,-2.764201852]}},{"type":"Feature","properties":{"location":"Pelabuhan Betanjung","code":"XW012","province":"Kalimantan Tengah"},"geometry":{"type":"Point","coordinates":[114.227206735,-3.39789506799996]}},{"type":"Feature","properties":{"location":"Pelabuhan Bahaur","code":"XW013","province":"Kalimantan Tengah"},"geometry":{"type":"Point","coordinates":[114.061066587996,-3.38585632558614]}},{"type":"Feature","properties":{"location":"Pelabuhan Kuala Kapuas","code":"XW014","province":"Kalimantan Tengah"},"geometry":{"type":"Point","coordinates":[114.225829428,-3.39213202599995]}},{"type":"Feature","properties":{"location":"Pelabuhan MTU Betung","code":"XW015","province":"Kalimantan Tengah"},"geometry":{"type":"Point","coordinates":[114.2277879,-3.39692450999996]}},{"type":"Feature","properties":{"location":"Pelabuhan Adaro","code":"XW016","province":"Kalimantan Tengah"},"geometry":{"type":"Point","coordinates":[114.220234865,-3.39888877999993]}},{"type":"Feature","properties":{"location":"Pelabuhan Trisakti Banjarmasin","code":"XX001","province":"Kalimantan Selatan"},"geometry":{"type":"Point","coordinates":[114.498647947,-3.49949710599997]}},{"type":"Feature","properties":{"location":"Pelabuhan PPI Banjarmasin","code":"XX002","province":"Kalimantan Selatan"},"geometry":{"type":"Point","coordinates":[114.494997271,-3.49468765099993]}},{"type":"Feature","properties":{"location":"Pelabuhan Muara Sungai Barito Banjarmasin","code":"XX003","province":"Kalimantan Selatan"},"geometry":{"type":"Point","coordinates":[114.494689863,-3.49667778]}},{"type":"Feature","properties":{"location":"Pelabuhan Muara Kintap Tanah Laut","code":"XX004","province":"Kalimantan Selatan"},"geometry":{"type":"Point","coordinates":[115.259138027,-3.904694787]}},{"type":"Feature","properties":{"location":"Pelabuhan Samudera Pelindo III Tanah Bumbu","code":"XX005","province":"Kalimantan Selatan"},"geometry":{"type":"Point","coordinates":[115.483624918,-3.801757043]}},{"type":"Feature","properties":{"location":"Pelabuhan Penyeberangan Tarjun Kotabaru","code":"XX006","province":"Kalimantan Selatan"},"geometry":{"type":"Point","coordinates":[116.12153091,-3.272872871]}},{"type":"Feature","properties":{"location":"Pelabuhan Panjang Kotabaru","code":"XX007","province":"Kalimantan Selatan"},"geometry":{"type":"Point","coordinates":[116.22482786,-3.235936946]}},{"type":"Feature","properties":{"location":"Pelabuhan Tanjung Serdang Kotabaru","code":"XX008","province":"Kalimantan Selatan"},"geometry":{"type":"Point","coordinates":[116.043055405,-3.473979869]}},{"type":"Feature","properties":{"location":"Pelabuhan Penyeberangan Stagen Kotabaru","code":"XX009","province":"Kalimantan Selatan"},"geometry":{"type":"Point","coordinates":[116.15254835,-3.29024825]}},{"type":"Feature","properties":{"location":"Pelabuhan Pelindo III Kotabaru","code":"XX010","province":"Kalimantan Selatan"},"geometry":{"type":"Point","coordinates":[116.145045476,-3.293558699]}},{"type":"Feature","properties":{"location":"Pelabuhan PPI Kotabaru","code":"XX011","province":"Kalimantan Selatan"},"geometry":{"type":"Point","coordinates":[116.18081692,-3.272240045]}},{"type":"Feature","properties":{"location":"Pelabuhan Penyeberangan Teluk Gosong Kotabaru","code":"XX012","province":"Kalimantan Selatan"},"geometry":{"type":"Point","coordinates":[116.262649051817,-3.33380755511746]}},{"type":"Feature","properties":{"location":"Pelabuhan Penyeberangan Sebuku Kotabaru","code":"XX013","province":"Kalimantan Selatan"},"geometry":{"type":"Point","coordinates":[116.404237905198,-3.37449378575818]}},{"type":"Feature","properties":{"location":"Pelabuhan Batulicin Tanah Bumbu","code":"XX014","province":"Kalimantan Selatan"},"geometry":{"type":"Point","coordinates":[116.010484201131,-3.45125180326576]}},{"type":"Feature","properties":{"location":"Pelabuhan Matasiri Kotabaru","code":"XX015","province":"Kalimantan Selatan"},"geometry":{"type":"Point","coordinates":[115.839105248904,-4.77207453502192]}},{"type":"Feature","properties":{"location":"Pelabuhan Marabatuan Kotabaru","code":"XX016","province":"Kalimantan Selatan"},"geometry":{"type":"Point","coordinates":[115.811115080895,-4.36071743588174]}},{"type":"Feature","properties":{"location":"Pelabuhan Maradapan Kotabaru","code":"XX017","province":"Kalimantan Selatan"},"geometry":{"type":"Point","coordinates":[115.696531955694,-4.62971663654452]}},{"type":"Feature","properties":{"location":"Pelabuhan Tanjung Samalantakan","code":"XX018","province":"Kalimantan Selatan"},"geometry":{"type":"Point","coordinates":[116.426278649373,-2.57147581967045]}},{"type":"Feature","properties":{"location":"Pelabuhan Cituis","code":"XI001","province":"Banten"},"geometry":{"type":"Point","coordinates":[106.581662301722,-5.97030127645727]}},{"type":"Feature","properties":{"location":"Pelabuhan Kronjo","code":"XI002","province":"Banten"},"geometry":{"type":"Point","coordinates":[106.451935212837,-6.01191219315835]}},{"type":"Feature","properties":{"location":"Pelabuhan Tanjung Pasir","code":"XI003","province":"Banten"},"geometry":{"type":"Point","coordinates":[106.671128050795,-5.98033433801829]}},{"type":"Feature","properties":{"location":"Pelabuhan Anyer","code":"XI004","province":"Banten"},"geometry":{"type":"Point","coordinates":[105.882004192493,-6.02642202897692]}},{"type":"Feature","properties":{"location":"Pelabuhan Kepuh","code":"XI005","province":"Banten"},"geometry":{"type":"Point","coordinates":[106.134743370201,-5.95998253276849]}},{"type":"Feature","properties":{"location":"Pelabuhan Lontar","code":"XI006","province":"Banten"},"geometry":{"type":"Point","coordinates":[106.31204708843,-5.90615696442707]}},{"type":"Feature","properties":{"location":"Pelabuhan Pasauran","code":"XI007","province":"Banten"},"geometry":{"type":"Point","coordinates":[105.8302628,-6.232008122]}},{"type":"Feature","properties":{"location":"Pelabuhan Bojonegara","code":"XI008","province":"Banten"},"geometry":{"type":"Point","coordinates":[106.110337366816,-5.88674002473034]}},{"type":"Feature","properties":{"location":"Pelabuhan Karangantu","code":"XI009","province":"Banten"},"geometry":{"type":"Point","coordinates":[106.174807164016,-5.97342077205125]}},{"type":"Feature","properties":{"location":"Pelabuhan Merak","code":"XI010","province":"Banten"},"geometry":{"type":"Point","coordinates":[105.9990948,-5.934464243]}},{"type":"Feature","properties":{"location":"Pelabuhan Ciwandan","code":"XI011","province":"Banten"},"geometry":{"type":"Point","coordinates":[105.911078599828,-5.94852292295032]}},{"type":"Feature","properties":{"location":"Pelabuhan Carita","code":"XI012","province":"Banten"},"geometry":{"type":"Point","coordinates":[105.8370814,-6.316988706]}},{"type":"Feature","properties":{"location":"Pelabuhan Labuan","code":"XI013","province":"Banten"},"geometry":{"type":"Point","coordinates":[105.8225801,-6.372852183]}},{"type":"Feature","properties":{"location":"Pelabuhan Panimbang","code":"XI014","province":"Banten"},"geometry":{"type":"Point","coordinates":[105.664014118,-6.481287581]}},{"type":"Feature","properties":{"location":"Pelabuhan Tamanjaya","code":"XI015","province":"Banten"},"geometry":{"type":"Point","coordinates":[105.5050715,-6.774049627]}},{"type":"Feature","properties":{"location":"Pelabuhan Binuangeun","code":"XI016","province":"Banten"},"geometry":{"type":"Point","coordinates":[105.883748,-6.83744324]}},{"type":"Feature","properties":{"location":"Pelabuhan Suralaya","code":"XI017","province":"Banten"},"geometry":{"type":"Point","coordinates":[106.02532084003,-5.8839324141861]}},{"type":"Feature","properties":{"location":"Pelabuhan KBS","code":"XI018","province":"Banten"},"geometry":{"type":"Point","coordinates":[105.956769876911,-6.00186495891392]}},{"type":"Feature","properties":{"location":"Pelabuhan Tanjung Priok","code":"XJ001","province":"Jakarta"},"geometry":{"type":"Point","coordinates":[106.882294878,-6.103879776]}},{"type":"Feature","properties":{"location":"Pelabuhan Sunda Kelapa","code":"XJ002","province":"Jakarta"},"geometry":{"type":"Point","coordinates":[106.818996786671,-6.06667274010226]}},{"type":"Feature","properties":{"location":"Pelabuhan Muara Angke","code":"XJ003","province":"Jakarta"},"geometry":{"type":"Point","coordinates":[106.783135640271,-6.06815832443186]}},{"type":"Feature","properties":{"location":"Pelabuhan Muara Baru","code":"XJ004","province":"Jakarta"},"geometry":{"type":"Point","coordinates":[106.801242054662,-6.07542367154284]}},{"type":"Feature","properties":{"location":"Pelabuhan Kalibaru Cilincing","code":"XJ005","province":"Jakarta"},"geometry":{"type":"Point","coordinates":[106.916083997067,-6.06702338470804]}},{"type":"Feature","properties":{"location":"Pelabuhan Marunda","code":"XJ006","province":"Jakarta"},"geometry":{"type":"Point","coordinates":[106.947993060551,-6.06669493030074]}},{"type":"Feature","properties":{"location":"Pelabuhan P. Untung Jawa","code":"XJ007","province":"Jakarta"},"geometry":{"type":"Point","coordinates":[106.70722,-5.97948]}},{"type":"Feature","properties":{"location":"Pelabuhan P. Lancang","code":"XJ008","province":"Jakarta"},"geometry":{"type":"Point","coordinates":[106.58325,-5.92863]}},{"type":"Feature","properties":{"location":"Pelabuhan P. Pari","code":"XJ009","province":"Jakarta"},"geometry":{"type":"Point","coordinates":[106.61898,-5.85864]}},{"type":"Feature","properties":{"location":"Pelabuhan P. Tidung","code":"XJ010","province":"Jakarta"},"geometry":{"type":"Point","coordinates":[106.49963,-5.7995]}},{"type":"Feature","properties":{"location":"Pelabuhan P. Pramuka","code":"XJ011","province":"Jakarta"},"geometry":{"type":"Point","coordinates":[106.61216,-5.74527]}},{"type":"Feature","properties":{"location":"Pelabuhan P. Kelapa","code":"XJ012","province":"Jakarta"},"geometry":{"type":"Point","coordinates":[106.57349,-5.65669]}},{"type":"Feature","properties":{"location":"Pelabuhan P. Pabelokan","code":"XJ013","province":"Jakarta"},"geometry":{"type":"Point","coordinates":[106.39298,-5.48037]}},{"type":"Feature","properties":{"location":"Pelabuhan P. Sabira","code":"XJ014","province":"Jakarta"},"geometry":{"type":"Point","coordinates":[106.46058,-5.20575]}},{"type":"Feature","properties":{"location":"Pelabuhan Muara Gembong (Bekasi)","code":"XJ015","province":"Jawa Barat"},"geometry":{"type":"Point","coordinates":[107.006964,-6.014635]}},{"type":"Feature","properties":{"location":"Pelabuhan Tarumajaya (Bekasi)","code":"XJ016","province":"Jawa Barat"},"geometry":{"type":"Point","coordinates":[106.99667,-6.08476]}},{"type":"Feature","properties":{"location":"Pelabuhan Cilamaya (Karawang)","code":"XJ017","province":"Jawa Barat"},"geometry":{"type":"Point","coordinates":[107.660807185002,-6.18726411349574]}},{"type":"Feature","properties":{"location":"Pelabuhan Perikanan Pantai Muara Ciasem (Subang)","code":"XJ018","province":"Jawa Barat"},"geometry":{"type":"Point","coordinates":[107.69946570243,-6.18351492063576]}},{"type":"Feature","properties":{"location":"Pelabuhan Perikanan Pantai Blanakan (Subang)","code":"XJ019","province":"Jawa Barat"},"geometry":{"type":"Point","coordinates":[107.681727965913,-6.18334032626219]}},{"type":"Feature","properties":{"location":"Pelabuhan Patimban (Subang)","code":"XJ020","province":"Jawa Barat"},"geometry":{"type":"Point","coordinates":[107.954942482545,-6.18825339103099]}},{"type":"Feature","properties":{"location":"Pelabuhan Perikanan Pantai Eretan (Indramayu)","code":"XJ021","province":"Jawa Barat"},"geometry":{"type":"Point","coordinates":[108.08750303878,-6.27495109010882]}},{"type":"Feature","properties":{"location":"Pelabuhan Karangsong (Indramayu)","code":"XJ022","province":"Jawa Barat"},"geometry":{"type":"Point","coordinates":[108.400212910936,-6.29063594559144]}},{"type":"Feature","properties":{"location":"Pelabuhan Cirebon (Cirebon)","code":"XJ023","province":"Jawa Barat"},"geometry":{"type":"Point","coordinates":[108.594765111719,-6.70297706774938]}},{"type":"Feature","properties":{"location":"Pelabuhan Kejawanan (Cirebon)","code":"XJ024","province":"Jawa Barat"},"geometry":{"type":"Point","coordinates":[108.633152410262,-6.69902547103381]}},{"type":"Feature","properties":{"location":"Pelabuhan Ratu (Sukabumi)","code":"XJ025","province":"Jawa Barat"},"geometry":{"type":"Point","coordinates":[106.542573609,-6.98862422]}},{"type":"Feature","properties":{"location":"Pelabuhan Sindang Barang (Cianjur)","code":"XJ026","province":"Jawa Barat"},"geometry":{"type":"Point","coordinates":[107.1303,-7.46083]}},{"type":"Feature","properties":{"location":"Pelabuhan Perikanan Jayanti (Cianjur)","code":"XJ027","province":"Jawa Barat"},"geometry":{"type":"Point","coordinates":[107.38648,-7.4987]}},{"type":"Feature","properties":{"location":"Pelabuhan Perikanan Pantai Cilauteureun (Garut)","code":"XJ028","province":"Jawa Barat"},"geometry":{"type":"Point","coordinates":[107.686443856,-7.661835337]}},{"type":"Feature","properties":{"location":"Pelabuhan Pamayang Cipatujah (Tasikmalaya)","code":"XJ029","province":"Jawa Barat"},"geometry":{"type":"Point","coordinates":[108.01115,-7.74823]}},{"type":"Feature","properties":{"location":"Pelabuhan Pangandaran (Pangandaran)","code":"XJ030","province":"Jawa Barat"},"geometry":{"type":"Point","coordinates":[108.656579017631,-7.7384743897255]}},{"type":"Feature","properties":{"location":"Pelabuhan Perikanan Cikidang (Pangandaran)","code":"XJ031","province":"Jawa Barat"},"geometry":{"type":"Point","coordinates":[108.705914459949,-7.70573734193747]}},{"type":"Feature","properties":{"location":"PPP Tasik Agung","code":"XK001","province":"Jawa Tengah"},"geometry":{"type":"Point","coordinates":[111.338109343874,-6.67767860778984]}},{"type":"Feature","properties":{"location":"Pelabuhan Sarang","code":"XK002","province":"Jawa Tengah"},"geometry":{"type":"Point","coordinates":[111.691935157745,-6.70283390253245]}},{"type":"Feature","properties":{"location":"Pelabuhan Pangkalan Sluke","code":"XK003","province":"Jawa Tengah"},"geometry":{"type":"Point","coordinates":[111.464803057466,-6.57909827898745]}},{"type":"Feature","properties":{"location":"PPP Bajomulyo","code":"XK004","province":"Jawa Tengah"},"geometry":{"type":"Point","coordinates":[111.187461124232,-6.701410659]}},{"type":"Feature","properties":{"location":"Pelabuhan Banyutowo","code":"XK005","province":"Jawa Tengah"},"geometry":{"type":"Point","coordinates":[111.094690697083,-6.43110470710504]}},{"type":"Feature","properties":{"location":"Pelabuhan Penyebrangan Jepara. Kartini","code":"XK006","province":"Jawa Tengah"},"geometry":{"type":"Point","coordinates":[110.6482815,-6.590559911]}},{"type":"Feature","properties":{"location":"Pelabuhan Karimunjawa","code":"XK007","province":"Jawa Tengah"},"geometry":{"type":"Point","coordinates":[110.4400136,-5.883985444]}},{"type":"Feature","properties":{"location":"Pelabuhan Legon Bajak","code":"XK008","province":"Jawa Tengah"},"geometry":{"type":"Point","coordinates":[110.4761688,-5.787474991]}},{"type":"Feature","properties":{"location":"Pelabuhan Tanjung Emas","code":"XK009","province":"Jawa Tengah"},"geometry":{"type":"Point","coordinates":[110.415917538653,-6.91872532144169]}},{"type":"Feature","properties":{"location":"Pelabuhan Morodemak","code":"XK010","province":"Jawa Tengah"},"geometry":{"type":"Point","coordinates":[110.5444696,-6.820583595]}},{"type":"Feature","properties":{"location":"Pelabuhan Wedung","code":"XK011","province":"Jawa Tengah"},"geometry":{"type":"Point","coordinates":[110.586848495,-6.77430710599998]}},{"type":"Feature","properties":{"location":"Pelabuhan Tawang","code":"XK012","province":"Jawa Tengah"},"geometry":{"type":"Point","coordinates":[110.044905452788,-6.87748664679331]}},{"type":"Feature","properties":{"location":"TPI Bandengan","code":"XK013","province":"Jawa Tengah"},"geometry":{"type":"Point","coordinates":[110.240727603098,-6.82601881716171]}},{"type":"Feature","properties":{"location":"PPP Klidanglor","code":"XK014","province":"Jawa Tengah"},"geometry":{"type":"Point","coordinates":[109.765067958211,-6.83506740892844]}},{"type":"Feature","properties":{"location":"TPI Roban","code":"XK015","province":"Jawa Tengah"},"geometry":{"type":"Point","coordinates":[109.850682151827,-6.85986103520341]}},{"type":"Feature","properties":{"location":"PPP Wonokerto","code":"XK016","province":"Jawa Tengah"},"geometry":{"type":"Point","coordinates":[109.631556945276,-6.80650735497743]}},{"type":"Feature","properties":{"location":"TPI Jambean","code":"XK017","province":"Jawa Tengah"},"geometry":{"type":"Point","coordinates":[109.643069130772,-6.78413145346066]}},{"type":"Feature","properties":{"location":"Pelabuhan Perikanan Nusantara","code":"XK018","province":"Jawa Tengah"},"geometry":{"type":"Point","coordinates":[109.712485531497,-6.81626297698684]}},{"type":"Feature","properties":{"location":"Pelabuhan Kluwut (Brebes)","code":"XL001","province":"Jawa Tengah"},"geometry":{"type":"Point","coordinates":[108.933839279572,-6.70746310866775]}},{"type":"Feature","properties":{"location":"Pelabuhan Tegal Sari (Kota Tegal)","code":"XL002","province":"Jawa Tengah"},"geometry":{"type":"Point","coordinates":[109.152666855184,-6.80392691396126]}},{"type":"Feature","properties":{"location":"Pelabuhan Larangan (Kab.Tegal)","code":"XL003","province":"Jawa Tengah"},"geometry":{"type":"Point","coordinates":[109.198082688994,-6.81672072339355]}},{"type":"Feature","properties":{"location":"Pelabuhan Asem Doyong (Pemalang)","code":"XL004","province":"Jawa Tengah"},"geometry":{"type":"Point","coordinates":[109.407430830377,-6.81782251231998]}},{"type":"Feature","properties":{"location":"PPS Cilacap","code":"XM001","province":"Jawa Tengah"},"geometry":{"type":"Point","coordinates":[109.02342,-7.72676]}},{"type":"Feature","properties":{"location":"Sentolo Kawat","code":"XM002","province":"Jawa Tengah"},"geometry":{"type":"Point","coordinates":[109.012596381,-7.74533733299995]}},{"type":"Feature","properties":{"location":"Logending","code":"XM003","province":"Jawa Tengah"},"geometry":{"type":"Point","coordinates":[109.387156743,-7.72782483299994]}},{"type":"Feature","properties":{"location":"Jetis Purworejo","code":"XM004","province":"Jawa Tengah"},"geometry":{"type":"Point","coordinates":[109.89531,-7.84908]}},{"type":"Feature","properties":{"location":"Pelabuhan Perikanan Bulu Tuban","code":"XO001","province":"Jawa Timur"},"geometry":{"type":"Point","coordinates":[111.726621288468,-6.72708698588188]}},{"type":"Feature","properties":{"location":"Pelabuhan Brondong","code":"XO002","province":"Jawa Timur"},"geometry":{"type":"Point","coordinates":[112.269020529748,-6.85338033870564]}},{"type":"Feature","properties":{"location":"Pelabuhan Paciran","code":"XO003","province":"Jawa Timur"},"geometry":{"type":"Point","coordinates":[112.368800696229,-6.8597459450294]}},{"type":"Feature","properties":{"location":"PPN Brondong","code":"XO004","province":"Jawa Timur"},"geometry":{"type":"Point","coordinates":[112.292838893312,-6.85608419299766]}},{"type":"Feature","properties":{"location":"Pelabuhan Gresik","code":"XO005","province":"Jawa Timur"},"geometry":{"type":"Point","coordinates":[112.674653951933,-7.11156591352064]}},{"type":"Feature","properties":{"location":"Pelabuhan Bawean","code":"XO006","province":"Jawa Timur"},"geometry":{"type":"Point","coordinates":[112.6488911,-5.848884031]}},{"type":"Feature","properties":{"location":"Pelabuhan Tanjung Perak Surabaya","code":"XO007","province":"Jawa Timur"},"geometry":{"type":"Point","coordinates":[112.7330252,-7.196891691]}},{"type":"Feature","properties":{"location":"Pelabuhan Kamal","code":"XO008","province":"Jawa Timur"},"geometry":{"type":"Point","coordinates":[112.722081,-7.174824639]}},{"type":"Feature","properties":{"location":"Pelabuhan Telaga Biru","code":"XO009","province":"Jawa Timur"},"geometry":{"type":"Point","coordinates":[113.085464666722,-6.88113948429963]}},{"type":"Feature","properties":{"location":"Pelabuhan Taddan Camplong","code":"XO010","province":"Jawa Timur"},"geometry":{"type":"Point","coordinates":[113.2975784,-7.220840074]}},{"type":"Feature","properties":{"location":"Pelabuhan Mandangin","code":"XO011","province":"Jawa Timur"},"geometry":{"type":"Point","coordinates":[113.207852,-7.307011065]}},{"type":"Feature","properties":{"location":"Pelabuhan Branta","code":"XO012","province":"Jawa Timur"},"geometry":{"type":"Point","coordinates":[113.4487715,-7.223877006]}},{"type":"Feature","properties":{"location":"Pelabuhan Perikanan Pasongsongan","code":"XO013","province":"Jawa Timur"},"geometry":{"type":"Point","coordinates":[113.6546214,-6.8857687]}},{"type":"Feature","properties":{"location":"Pelabuhan Kalianget","code":"XO014","province":"Jawa Timur"},"geometry":{"type":"Point","coordinates":[113.9427229,-7.056894922]}},{"type":"Feature","properties":{"location":"Pelabuhan Kangean","code":"XO015","province":"Jawa Timur"},"geometry":{"type":"Point","coordinates":[115.2284567,-6.841059013]}},{"type":"Feature","properties":{"location":"Pelabuhan Raas","code":"XO016","province":"Jawa Timur"},"geometry":{"type":"Point","coordinates":[114.6248657,-7.154382048]}},{"type":"Feature","properties":{"location":"Pelabuhan Masalembu","code":"XO017","province":"Jawa Timur"},"geometry":{"type":"Point","coordinates":[114.4147363,-5.578255751]}},{"type":"Feature","properties":{"location":"Pelabuhan Perikanan Lekok","code":"XO018","province":"Jawa Timur"},"geometry":{"type":"Point","coordinates":[113.00118300427,-7.61356151057932]}},{"type":"Feature","properties":{"location":"Pelabuhan Probolinggo","code":"XO019","province":"Jawa Timur"},"geometry":{"type":"Point","coordinates":[113.214090787319,-7.70395508418424]}},{"type":"Feature","properties":{"location":"Pelabuhan Perikanan Mayangan","code":"XO020","province":"Jawa Timur"},"geometry":{"type":"Point","coordinates":[113.234345102711,-7.64600317670039]}},{"type":"Feature","properties":{"location":"Pelabuhan Perikanan Paiton","code":"XO021","province":"Jawa Timur"},"geometry":{"type":"Point","coordinates":[113.527390537258,-7.64200413523409]}},{"type":"Feature","properties":{"location":"Pelabuhan Jangkar","code":"XO022","province":"Jawa Timur"},"geometry":{"type":"Point","coordinates":[114.209348077805,-7.68703764029264]}},{"type":"Feature","properties":{"location":"Pelabuhan Panarukan","code":"XO023","province":"Jawa Timur"},"geometry":{"type":"Point","coordinates":[113.916194769864,-7.67951782086477]}},{"type":"Feature","properties":{"location":"Pelabuhan Kalbut","code":"XO024","province":"Jawa Timur"},"geometry":{"type":"Point","coordinates":[114.009161349125,-7.61628930767858]}},{"type":"Feature","properties":{"location":"Pelabuhan Perikanan Tamperan","code":"XO025","province":"Jawa Timur"},"geometry":{"type":"Point","coordinates":[111.08419544187,-8.30262536123934]}},{"type":"Feature","properties":{"location":"PPN Prigi","code":"XO026","province":"Jawa Timur"},"geometry":{"type":"Point","coordinates":[111.746112327424,-8.34502855004985]}},{"type":"Feature","properties":{"location":"Pelabuhan Perikanan Popoh","code":"XO027","province":"Jawa Timur"},"geometry":{"type":"Point","coordinates":[111.8027673,-8.264487536]}},{"type":"Feature","properties":{"location":"Pelabuhan Perikanan Tambakrejo","code":"XO028","province":"Jawa Timur"},"geometry":{"type":"Point","coordinates":[112.1408298,-8.31573533]}},{"type":"Feature","properties":{"location":"Pelabuhan Perikanan Pondok Dadap","code":"XO029","province":"Jawa Timur"},"geometry":{"type":"Point","coordinates":[112.681343217,-8.43277393]}},{"type":"Feature","properties":{"location":"Pelabuhan Perikanan Puger","code":"XO030","province":"Jawa Timur"},"geometry":{"type":"Point","coordinates":[113.474994815,-8.38776350799997]}},{"type":"Feature","properties":{"location":"Pelabuhan Perikanan Grajagan","code":"XO031","province":"Jawa Timur"},"geometry":{"type":"Point","coordinates":[114.250281003897,-8.62890306180248]}},{"type":"Feature","properties":{"location":"Pelabuhan Perikanan Muncar","code":"XO032","province":"Jawa Timur"},"geometry":{"type":"Point","coordinates":[114.407011974374,-8.39839758171251]}},{"type":"Feature","properties":{"location":"Pelabuhan Boom","code":"XO033","province":"Jawa Timur"},"geometry":{"type":"Point","coordinates":[114.41648065898,-8.20092187897611]}},{"type":"Feature","properties":{"location":"Pelabuhan Ketapang","code":"XO034","province":"Jawa Timur"},"geometry":{"type":"Point","coordinates":[114.417906985502,-8.14442315705218]}},{"type":"Feature","properties":{"location":"Pelabuhan Tanjung Wangi","code":"XO035","province":"Jawa Timur"},"geometry":{"type":"Point","coordinates":[114.479258748066,-8.04634271457542]}},{"type":"Feature","properties":{"location":"Pelabuhan Ujung","code":"XO036","province":"Jawa Timur"},"geometry":{"type":"Point","coordinates":[112.734812,-7.197782]}},{"type":"Feature","properties":{"location":"Pelabuhan Sapeken","code":"XO037","province":"Jawa Timur"},"geometry":{"type":"Point","coordinates":[115.703704,-7.008571]}},{"type":"Feature","properties":{"location":"Pelabuhan Sapudi","code":"XO038","province":"Jawa Timur"},"geometry":{"type":"Point","coordinates":[114.325379,-7.166968]}},{"type":"Feature","properties":{"location":"Gili Labak","code":"XO039","province":"Jawa Timur"},"geometry":{"type":"Point","coordinates":[114.04037,-7.200792]}},{"type":"Feature","properties":{"location":"Pelabuhan PPP Sadeng","code":"XN001","province":"Yogyakarta"},"geometry":{"type":"Point","coordinates":[110.799510154,-8.189463639]}},{"type":"Feature","properties":{"location":"Pelabuhan PPP Gesing","code":"XN002","province":"Yogyakarta"},"geometry":{"type":"Point","coordinates":[110.462590061,-8.098704441]}},{"type":"Feature","properties":{"location":"Pelabuhan PP Adikarto","code":"XN003","province":"Yogyakarta"},"geometry":{"type":"Point","coordinates":[110.085781254,-7.91632783399995]}},{"type":"Feature","properties":{"location":"Pelabuhan ASDP Gilimanuk","code":"XP001","province":"Bali"},"geometry":{"type":"Point","coordinates":[114.43705,-8.16058]}},{"type":"Feature","properties":{"location":"Pelabuhan PPN Pengambengan","code":"XP002","province":"Bali"},"geometry":{"type":"Point","coordinates":[114.581376634,-8.396645146]}},{"type":"Feature","properties":{"location":"Pelabuhan Celukan Bawang","code":"XP003","province":"Bali"},"geometry":{"type":"Point","coordinates":[114.832045927,-8.18720419699997]}},{"type":"Feature","properties":{"location":"Pelabuhan Padangbai","code":"XP004","province":"Bali"},"geometry":{"type":"Point","coordinates":[115.5078,-8.533611]}},{"type":"Feature","properties":{"location":"Pelabuhan Benoa","code":"XP005","province":"Bali"},"geometry":{"type":"Point","coordinates":[115.212605457,-8.74279888399996]}},{"type":"Feature","properties":{"location":"Pelabuhan Sanur","code":"XP006","province":"Bali"},"geometry":{"type":"Point","coordinates":[115.26107,-8.66961]}},{"type":"Feature","properties":{"location":"Pelabuhan Nusa Penida","code":"XP007","province":"Bali"},"geometry":{"type":"Point","coordinates":[115.552549841,-8.66200924199995]}},{"type":"Feature","properties":{"location":"Pelabuhan Kusamba","code":"XP008","province":"Bali"},"geometry":{"type":"Point","coordinates":[115.45791,-8.5595]}},{"type":"Feature","properties":{"location":"Pelabuhan Lembar","code":"XT001","province":"NTB"},"geometry":{"type":"Point","coordinates":[116.046270137,-8.71134686699997]}},{"type":"Feature","properties":{"location":"Pelabuhan Kayangan","code":"XT002","province":"NTB"},"geometry":{"type":"Point","coordinates":[116.674632187,-8.485983129]}},{"type":"Feature","properties":{"location":"Pelabuhan Badas","code":"XT003","province":"NTB"},"geometry":{"type":"Point","coordinates":[117.3714857,-8.4627868]}},{"type":"Feature","properties":{"location":"Pelabuhan Kempo Calabai","code":"XT004","province":"NTB"},"geometry":{"type":"Point","coordinates":[117.7094949,-8.2142115]}},{"type":"Feature","properties":{"location":"Pelabuhan Sape","code":"XT005","province":"NTB"},"geometry":{"type":"Point","coordinates":[119.020945,-8.574005]}},{"type":"Feature","properties":{"location":"Pelabuhan Pototano","code":"XT006","province":"NTB"},"geometry":{"type":"Point","coordinates":[116.831888,-8.521623]}},{"type":"Feature","properties":{"location":"Pelabuhan Pemenang","code":"XT007","province":"NTB"},"geometry":{"type":"Point","coordinates":[116.065036,-8.372411]}},{"type":"Feature","properties":{"location":"Pelabuhan Khusus Pertamina","code":"XT008","province":"NTB"},"geometry":{"type":"Point","coordinates":[116.0719293,-8.5688563]}},{"type":"Feature","properties":{"location":"Pelabuhan Bima","code":"XT009","province":"NTB"},"geometry":{"type":"Point","coordinates":[118.694966045,-8.40899817599995]}},{"type":"Feature","properties":{"location":"Pelabuhan Perikanan Labuhan Lombok","code":"XT010","province":"NTB"},"geometry":{"type":"Point","coordinates":[116.662894861,-8.48762847499995]}},{"type":"Feature","properties":{"location":"Pelabuhan Perikanan Tanjung Luar","code":"XT011","province":"NTB"},"geometry":{"type":"Point","coordinates":[116.516472,-8.77769]}},{"type":"Feature","properties":{"location":"Pelabuhan Perikanan Teluk Awang","code":"XT012","province":"NTB"},"geometry":{"type":"Point","coordinates":[116.402368894,-8.88793464599996]}},{"type":"Feature","properties":{"location":"Pelabuhan Perikanan Sape","code":"XT013","province":"NTB"},"geometry":{"type":"Point","coordinates":[119.018095858,-8.565976709]}},{"type":"Feature","properties":{"location":"Pelabuhan Goa","code":"XT014","province":"NTB"},"geometry":{"type":"Point","coordinates":[117.384386,-8.467879]}},{"type":"Feature","properties":{"location":"Pelabuhan Labuan Aji Pulau Moyo","code":"XT015","province":"NTB"},"geometry":{"type":"Point","coordinates":[117.484021,-8.220505]}},{"type":"Feature","properties":{"location":"Pelabuhan Benete","code":"XT016","province":"NTB"},"geometry":{"type":"Point","coordinates":[116.732513675007,-8.88770967672202]}},{"type":"Feature","properties":{"location":"Pelabuhan Kempo","code":"XT017","province":"NTB"},"geometry":{"type":"Point","coordinates":[118.219305072549,-8.57132401324611]}},{"type":"Feature","properties":{"location":"Pelabuhan Calabai","code":"XT018","province":"NTB"},"geometry":{"type":"Point","coordinates":[117.709001126511,-8.21462504654526]}},{"type":"Feature","properties":{"location":"Pelabuhan Langgudu","code":"XT019","province":"NTB"},"geometry":{"type":"Point","coordinates":[118.817,-8.712]}},{"type":"Feature","properties":{"location":"Pelabuhan Gili Mas","code":"XT020","province":"NTB"},"geometry":{"type":"Point","coordinates":[116.05,-8,68319]}},{"type":"Feature","properties":{"location":"Pelabuhan Baranusa","code":"XU001","province":"NTB"},"geometry":{"type":"Point","coordinates":[124.120264947533,-8.2796582611175]}},{"type":"Feature","properties":{"location":"Pelabuhan Kalabahi","code":"XU002","province":"NTB"},"geometry":{"type":"Point","coordinates":[124.387176529249,-8.28850508481408]}},{"type":"Feature","properties":{"location":"Pelabuhan Ippi Ende","code":"XU003","province":"NTB"},"geometry":{"type":"Point","coordinates":[121.66202,-8.854754]}},{"type":"Feature","properties":{"location":"Pelabuhan Larantuka","code":"XU004","province":"NTB"},"geometry":{"type":"Point","coordinates":[122.990058,-8.342309]}},{"type":"Feature","properties":{"location":"Pelabuhan Adonara","code":"XU005","province":"NTB"},"geometry":{"type":"Point","coordinates":[123.338943724521,-8.33267762565131]}},{"type":"Feature","properties":{"location":"Pelabuhan Waiwerang","code":"XU006","province":"NTB"},"geometry":{"type":"Point","coordinates":[123.162871,-8.391221]}},{"type":"Feature","properties":{"location":"Pelabuhan Solor","code":"XU007","province":"NTB"},"geometry":{"type":"Point","coordinates":[123.060462,-8.434639]}},{"type":"Feature","properties":{"location":"Pelabuhan Hansisi","code":"XU008","province":"NTB"},"geometry":{"type":"Point","coordinates":[123.48244852,-10.182825224]}},{"type":"Feature","properties":{"location":"Pelabuhan Bolok","code":"XU009","province":"NTB"},"geometry":{"type":"Point","coordinates":[123.504746787174,-10.2066734126581]}},{"type":"Feature","properties":{"location":"Pelabuhan Lewoleba","code":"XU010","province":"NTB"},"geometry":{"type":"Point","coordinates":[123.400584227518,-8.35677320146288]}},{"type":"Feature","properties":{"location":"Pelabuhan Wowong","code":"XU011","province":"NTB"},"geometry":{"type":"Point","coordinates":[123.766172,-8.288288]}},{"type":"Feature","properties":{"location":"Pelabuhan Balauring","code":"XU012","province":"NTB"},"geometry":{"type":"Point","coordinates":[123.677588252169,-8.21106108051569]}},{"type":"Feature","properties":{"location":"Pelabuhan Reo","code":"XU013","province":"NTB"},"geometry":{"type":"Point","coordinates":[120.487828701333,-8.21724870175951]}},{"type":"Feature","properties":{"location":"Pelabuhan Labuan Bajo","code":"XU014","province":"NTB"},"geometry":{"type":"Point","coordinates":[119.875799634,-8.494118786]}},{"type":"Feature","properties":{"location":"Pelabuhan Taman Nasional Pulau Komodo","code":"XU015","province":"NTB"},"geometry":{"type":"Point","coordinates":[119.521644224259,-8.6338972801692]}},{"type":"Feature","properties":{"location":"Pelabuhan Aimere","code":"XU016","province":"NTB"},"geometry":{"type":"Point","coordinates":[120.85443,-8.842346]}},{"type":"Feature","properties":{"location":"Pelabuhan Rote","code":"XU017","province":"NTB"},"geometry":{"type":"Point","coordinates":[123.014640592666,-10.7057395938904]}},{"type":"Feature","properties":{"location":"Pelabuhan Seba","code":"XU018","province":"NTB"},"geometry":{"type":"Point","coordinates":[121.807930013095,-10.4690605062747]}},{"type":"Feature","properties":{"location":"Pelabuhan Raijua","code":"XU019","province":"NTB"},"geometry":{"type":"Point","coordinates":[121.61773,-10.602492]}},{"type":"Feature","properties":{"location":"Pelabuhan Maumere","code":"XU020","province":"NTB"},"geometry":{"type":"Point","coordinates":[122.24799669525,-8.57178747784143]}},{"type":"Feature","properties":{"location":"Pelabuhan Pulau Palue","code":"XU021","province":"NTB"},"geometry":{"type":"Point","coordinates":[121.756013844642,-8.29389113891372]}},{"type":"Feature","properties":{"location":"Pelabuhan Waingapu","code":"XU022","province":"NTB"},"geometry":{"type":"Point","coordinates":[120.27383488124,-9.60527704103672]}},{"type":"Feature","properties":{"location":"Pelabuhan Atapupu","code":"XU023","province":"NTB"},"geometry":{"type":"Point","coordinates":[124.837124921759,-8.92806475328384]}},{"type":"Feature","properties":{"location":"Pelabuhan Tenau","code":"XU024","province":"NTB"},"geometry":{"type":"Point","coordinates":[123.5277844,-10.19545133]}},{"type":"Feature","properties":{"location":"Pelabuhan Manado","code":"AA001","province":"Sulawesi Utara"},"geometry":{"type":"Point","coordinates":[124.839097927,1.495029784]}},{"type":"Feature","properties":{"location":"Pelabuhan Bukide","code":"AA002","province":"Sulawesi Utara"},"geometry":{"type":"Point","coordinates":[125.580986911,3.752356582]}},{"type":"Feature","properties":{"location":"Pelabuhan Kawaluso","code":"AA003","province":"Sulawesi Utara"},"geometry":{"type":"Point","coordinates":[125.3213139,4.229902778]}},{"type":"Feature","properties":{"location":"Pelabuhan Kahakitang","code":"AA004","province":"Sulawesi Utara"},"geometry":{"type":"Point","coordinates":[125.5178056,3.174763889]}},{"type":"Feature","properties":{"location":"Pelabuhan Kalama","code":"AA005","province":"Sulawesi Utara"},"geometry":{"type":"Point","coordinates":[125.4535722,3.233183333]}},{"type":"Feature","properties":{"location":"Pelabuhan Kawio","code":"AA006","province":"Sulawesi Utara"},"geometry":{"type":"Point","coordinates":[125.43261819,4.666657745]}},{"type":"Feature","properties":{"location":"Pelabuhan Lipang","code":"AA007","province":"Sulawesi Utara"},"geometry":{"type":"Point","coordinates":[125.4535722,3.233183333]}},{"type":"Feature","properties":{"location":"Pelabuhan Marore","code":"AA008","province":"Sulawesi Utara"},"geometry":{"type":"Point","coordinates":[125.4775889,4.729897222]}},{"type":"Feature","properties":{"location":"Pelabuhan Matutuang","code":"AA009","province":"Sulawesi Utara"},"geometry":{"type":"Point","coordinates":[125.68983002,4.431971723]}},{"type":"Feature","properties":{"location":"Pelabuhan Ngalipaeng","code":"AA010","province":"Sulawesi Utara"},"geometry":{"type":"Point","coordinates":[125.627896740599,3.36704707574229]}},{"type":"Feature","properties":{"location":"Pelabuhan Para","code":"AA011","province":"Sulawesi Utara"},"geometry":{"type":"Point","coordinates":[125.5001556,3.068161111]}},{"type":"Feature","properties":{"location":"Pelabuhan Petta","code":"AA012","province":"Sulawesi Utara"},"geometry":{"type":"Point","coordinates":[125.596128270631,3.675941339052]}},{"type":"Feature","properties":{"location":"Pelabuhan Tahuna","code":"AA013","province":"Sulawesi Utara"},"geometry":{"type":"Point","coordinates":[125.484558271843,3.60112154668322]}},{"type":"Feature","properties":{"location":"Pelabuhan Beo","code":"AA014","province":"Sulawesi Utara"},"geometry":{"type":"Point","coordinates":[126.768406729676,4.22774835246976]}},{"type":"Feature","properties":{"location":"Pelabuhan Dapalan","code":"AA015","province":"Sulawesi Utara"},"geometry":{"type":"Point","coordinates":[126.955209653385,4.41947834040101]}},{"type":"Feature","properties":{"location":"Pelabuhan Essang","code":"AA016","province":"Sulawesi Utara"},"geometry":{"type":"Point","coordinates":[126.688503717692,4.47854900373691]}},{"type":"Feature","properties":{"location":"Pelabuhan Kakorotan","code":"AA017","province":"Sulawesi Utara"},"geometry":{"type":"Point","coordinates":[127.1579111,4.632725]}},{"type":"Feature","properties":{"location":"Pelabuhan Karatung","code":"AA018","province":"Sulawesi Utara"},"geometry":{"type":"Point","coordinates":[127.0868833,4.723805556]}},{"type":"Feature","properties":{"location":"Pelabuhan Lirung","code":"AA019","province":"Sulawesi Utara"},"geometry":{"type":"Point","coordinates":[126.7690057396,3.94296688976631]}},{"type":"Feature","properties":{"location":"Pelabuhan Marampit","code":"AA020","province":"Sulawesi Utara"},"geometry":{"type":"Point","coordinates":[127.1304444,4.731616667]}},{"type":"Feature","properties":{"location":"Pelabuhan Mangarang","code":"AA021","province":"Sulawesi Utara"},"geometry":{"type":"Point","coordinates":[126.743549671,3.842089416]}},{"type":"Feature","properties":{"location":"Pelabuhan Miangas","code":"AA022","province":"Sulawesi Utara"},"geometry":{"type":"Point","coordinates":[126.581747009,5.549959001]}},{"type":"Feature","properties":{"location":"Pelabuhan Rainis","code":"AA023","province":"Sulawesi Utara"},"geometry":{"type":"Point","coordinates":[126.8890406036,4.23689746990294]}},{"type":"Feature","properties":{"location":"Pelabuhan Melonguane","code":"AA024","province":"Sulawesi Utara"},"geometry":{"type":"Point","coordinates":[126.6767528,3.997558333]}},{"type":"Feature","properties":{"location":"Pelabuhan Buhias","code":"AA025","province":"Sulawesi Utara"},"geometry":{"type":"Point","coordinates":[125.452275,2.676230556]}},{"type":"Feature","properties":{"location":"Pelabuhan Pehe","code":"AA026","province":"Sulawesi Utara"},"geometry":{"type":"Point","coordinates":[125.347096333685,2.75623232599349]}},{"type":"Feature","properties":{"location":"Pelabuhan Sawang","code":"AA027","province":"Sulawesi Utara"},"geometry":{"type":"Point","coordinates":[125.3926556,2.679886111]}},{"type":"Feature","properties":{"location":"Pelabuhan Tagulandang","code":"AA028","province":"Sulawesi Utara"},"geometry":{"type":"Point","coordinates":[125.3811726,2.340964509]}},{"type":"Feature","properties":{"location":"Pelabuhan Ulu Siau","code":"AA029","province":"Sulawesi Utara"},"geometry":{"type":"Point","coordinates":[125.424722473393,2.7134243594817]}},{"type":"Feature","properties":{"location":"Pelabuhan Biaro","code":"AA030","province":"Sulawesi Utara"},"geometry":{"type":"Point","coordinates":[125.3636468,2.127293412]}},{"type":"Feature","properties":{"location":"Pelabuhan Makalehi","code":"AA031","province":"Sulawesi Utara"},"geometry":{"type":"Point","coordinates":[125.1618889,2.734233333]}},{"type":"Feature","properties":{"location":"Pelabuhan Amurang","code":"AA032","province":"Sulawesi Utara"},"geometry":{"type":"Point","coordinates":[124.521174385868,1.24699372239425]}},{"type":"Feature","properties":{"location":"Pelabuhan Belang","code":"AA033","province":"Sulawesi Utara"},"geometry":{"type":"Point","coordinates":[124.815161613241,0.920331831941121]}},{"type":"Feature","properties":{"location":"Pelabuhan Likupang","code":"AA034","province":"Sulawesi Utara"},"geometry":{"type":"Point","coordinates":[125.066198321004,1.72653888377013]}},{"type":"Feature","properties":{"location":"Pelabuhan Munte/Likupang Barat","code":"AA035","province":"Sulawesi Utara"},"geometry":{"type":"Point","coordinates":[125.042845033241,1.71255892009112]}},{"type":"Feature","properties":{"location":"Pelabuhan Kotabunan","code":"AA036","province":"Sulawesi Utara"},"geometry":{"type":"Point","coordinates":[124.692620975715,0.81826487485064]}},{"type":"Feature","properties":{"location":"Pelabuhan Labuhan Uki","code":"AA037","province":"Sulawesi Utara"},"geometry":{"type":"Point","coordinates":[123.925610006473,0.900255659423035]}},{"type":"Feature","properties":{"location":"Pelabuhan Torosik","code":"AA038","province":"Sulawesi Utara"},"geometry":{"type":"Point","coordinates":[124.306449506054,0.391005374423366]}},{"type":"Feature","properties":{"location":"PPS Bitung (offshore harbour)","code":"AA039","province":"Sulawesi Utara"},"geometry":{"type":"Point","coordinates":[125.144531893288,1.4111304669547]}},{"type":"Feature","properties":{"location":"Pelabuhan Samudera Bitung","code":"AA040","province":"Sulawesi Utara"},"geometry":{"type":"Point","coordinates":[125.187339,1.436626]}},{"type":"Feature","properties":{"location":"Pelabuhan Pananaru","code":"AA041","province":"Sulawesi Utara"},"geometry":{"type":"Point","coordinates":[125.53978,3.399742]}},{"type":"Feature","properties":{"location":"Pelabuhan Gorontalo","code":"AB001","province":"Gorontalo"},"geometry":{"type":"Point","coordinates":[123.063074,0.508866]}},{"type":"Feature","properties":{"location":"Pelabuhan Ferry Gorontalo","code":"AB002","province":"Gorontalo"},"geometry":{"type":"Point","coordinates":[123.070695,0.497361]}},{"type":"Feature","properties":{"location":"Pelabuhan Kwandang","code":"AB003","province":"Gorontalo"},"geometry":{"type":"Point","coordinates":[122.898208948,0.853564632]}},{"type":"Feature","properties":{"location":"KPBU Pelabuhan Anggrek","code":"AB004","province":"Gorontalo"},"geometry":{"type":"Point","coordinates":[122.812825917,0.856488573000036]}},{"type":"Feature","properties":{"location":"Pelabuhan Tilamuta","code":"AB005","province":"Gorontalo"},"geometry":{"type":"Point","coordinates":[122.357004737,0.510079989]}},{"type":"Feature","properties":{"location":"Pelabuhan Penyeberangan Marisa","code":"AB006","province":"Gorontalo"},"geometry":{"type":"Point","coordinates":[122.109081,0.486235]}},{"type":"Feature","properties":{"location":"Pelabuhan Bumbulan","code":"AB007","province":"Gorontalo"},"geometry":{"type":"Point","coordinates":[122.112118,0.487187]}},{"type":"Feature","properties":{"location":"Pelabuhan Taipa","code":"AC001","province":"Sulawesi Tengah"},"geometry":{"type":"Point","coordinates":[119.85814,-0.77953]}},{"type":"Feature","properties":{"location":"Pelabuhan Pantoloan","code":"AC002","province":"Sulawesi Tengah"},"geometry":{"type":"Point","coordinates":[119.855417377,-0.710675791]}},{"type":"Feature","properties":{"location":"Pelabuhan Wani","code":"AC003","province":"Sulawesi Tengah"},"geometry":{"type":"Point","coordinates":[119.840240897,-0.694891971]}},{"type":"Feature","properties":{"location":"Pelabuhan Donggala","code":"AC004","province":"Sulawesi Tengah"},"geometry":{"type":"Point","coordinates":[119.74458,-0.66597]}},{"type":"Feature","properties":{"location":"Pelabuhan Ogoamas","code":"AC005","province":"Sulawesi Tengah"},"geometry":{"type":"Point","coordinates":[120.104873251,0.741200848]}},{"type":"Feature","properties":{"location":"Pelabuhan Perikanan Pantai Ogotua","code":"AC006","province":"Sulawesi Tengah"},"geometry":{"type":"Point","coordinates":[120.25321922,0.95802605]}},{"type":"Feature","properties":{"location":"Pelabuhan Daerah Haji Hayyun Tolitoli","code":"AC007","province":"Sulawesi Tengah"},"geometry":{"type":"Point","coordinates":[120.809498953,1.037709056]}},{"type":"Feature","properties":{"location":"Pelabuhan Leok Buol","code":"AC008","province":"Sulawesi Tengah"},"geometry":{"type":"Point","coordinates":[121.438172888,1.19015554800006]}},{"type":"Feature","properties":{"location":"Pelabuhan Laut Moutong","code":"AC009","province":"Sulawesi Tengah"},"geometry":{"type":"Point","coordinates":[121.21051,0.45709]}},{"type":"Feature","properties":{"location":"Pelabuhan Tinombo","code":"AC010","province":"Sulawesi Tengah"},"geometry":{"type":"Point","coordinates":[120.28916,0.38798]}},{"type":"Feature","properties":{"location":"Pelabuhan Paranggi","code":"AC011","province":"Sulawesi Tengah"},"geometry":{"type":"Point","coordinates":[120.063694453,-0.471553642]}},{"type":"Feature","properties":{"location":"Pelabuhan Toboli","code":"AC012","province":"Sulawesi Tengah"},"geometry":{"type":"Point","coordinates":[120.09666,-0.70325]}},{"type":"Feature","properties":{"location":"Pelabuhan Loji","code":"AC013","province":"Sulawesi Tengah"},"geometry":{"type":"Point","coordinates":[120.17949,-0.81206]}},{"type":"Feature","properties":{"location":"Pelabuhan Poso","code":"AC014","province":"Sulawesi Tengah"},"geometry":{"type":"Point","coordinates":[120.755,-1.38131]}},{"type":"Feature","properties":{"location":"Pelabuhan Ampana","code":"AC015","province":"Sulawesi Tengah"},"geometry":{"type":"Point","coordinates":[121.58379536,-0.867656198]}},{"type":"Feature","properties":{"location":"Pelabuhan Penyebrangan Uebone","code":"AC016","province":"Sulawesi Tengah"},"geometry":{"type":"Point","coordinates":[121.659479999,-0.913258603]}},{"type":"Feature","properties":{"location":"Pelabuhan Mantangisi","code":"AC017","province":"Sulawesi Tengah"},"geometry":{"type":"Point","coordinates":[121.696328163,-0.927364603]}},{"type":"Feature","properties":{"location":"Pelabuhan Una-Una","code":"AC018","province":"Sulawesi Tengah"},"geometry":{"type":"Point","coordinates":[121.63478,-0.20939]}},{"type":"Feature","properties":{"location":"Pelabuhan Pasokan","code":"AC019","province":"Sulawesi Tengah"},"geometry":{"type":"Point","coordinates":[122.337058195,-0.301491313999975]}},{"type":"Feature","properties":{"location":"Pelabuhan Laut Malenge","code":"AC020","province":"Sulawesi Tengah"},"geometry":{"type":"Point","coordinates":[122.05574,-0.27155]}},{"type":"Feature","properties":{"location":"Pelabuhan Wakai","code":"AC021","province":"Sulawesi Tengah"},"geometry":{"type":"Point","coordinates":[121.862097934,-0.406454014999952]}},{"type":"Feature","properties":{"location":"Pelabuhan Ferry Siliti","code":"AC022","province":"Sulawesi Tengah"},"geometry":{"type":"Point","coordinates":[121.812404213,-1.73813773299997]}},{"type":"Feature","properties":{"location":"Pelabuhan Kolonodale","code":"AC023","province":"Sulawesi Tengah"},"geometry":{"type":"Point","coordinates":[121.357215096,-1.91046711699993]}},{"type":"Feature","properties":{"location":"Pelabuhan Bungku Tengah/ Marsaoleh","code":"AC024","province":"Sulawesi Tengah"},"geometry":{"type":"Point","coordinates":[121.97378,-2.54076]}},{"type":"Feature","properties":{"location":"Pelabuhan Bunta","code":"AC025","province":"Sulawesi Tengah"},"geometry":{"type":"Point","coordinates":[122.1621792,-0.837096415]}},{"type":"Feature","properties":{"location":"Pelabuhan Pagimana","code":"AC026","province":"Sulawesi Tengah"},"geometry":{"type":"Point","coordinates":[122.6626814,-0.794979358999967]}},{"type":"Feature","properties":{"location":"Pelabuhan Tanjung","code":"AC027","province":"Sulawesi Tengah"},"geometry":{"type":"Point","coordinates":[122.79686,-0.95075]}},{"type":"Feature","properties":{"location":"Pelabuhan Tangkiang","code":"AC028","province":"Sulawesi Tengah"},"geometry":{"type":"Point","coordinates":[122.629451452,-1.209265643]}},{"type":"Feature","properties":{"location":"Pelabuhan Leme Leme Bungin","code":"AC029","province":"Sulawesi Tengah"},"geometry":{"type":"Point","coordinates":[122.839755803,-1.271301646]}},{"type":"Feature","properties":{"location":"Pelabuhan Laut Salakan","code":"AC030","province":"Sulawesi Tengah"},"geometry":{"type":"Point","coordinates":[123.290273446,-1.30865337]}},{"type":"Feature","properties":{"location":"Pelabuhan Banggai","code":"AC031","province":"Sulawesi Tengah"},"geometry":{"type":"Point","coordinates":[123.49866,-1.58955]}},{"type":"Feature","properties":{"location":"Pelabuhan Tanjung Silopo","code":"AD001","province":"Sulawesi Barat"},"geometry":{"type":"Point","coordinates":[119.446881909,-3.476270261]}},{"type":"Feature","properties":{"location":"Pelabuhan Polewali","code":"AD002","province":"Sulawesi Barat"},"geometry":{"type":"Point","coordinates":[119.339230399,-3.432896202]}},{"type":"Feature","properties":{"location":"Pelabuhan Tinambung","code":"AD003","province":"Sulawesi Barat"},"geometry":{"type":"Point","coordinates":[119.038356119,-3.51634766]}},{"type":"Feature","properties":{"location":"Pelabuhan Majene","code":"AD004","province":"Sulawesi Barat"},"geometry":{"type":"Point","coordinates":[118.966016518,-3.545897084]}},{"type":"Feature","properties":{"location":"Pelabuhan Baru Majene","code":"AD005","province":"Sulawesi Barat"},"geometry":{"type":"Point","coordinates":[118.945662928,-3.558534409]}},{"type":"Feature","properties":{"location":"Pelabuhan Palipi","code":"AD006","province":"Sulawesi Barat"},"geometry":{"type":"Point","coordinates":[118.849564749,-3.31369919]}},{"type":"Feature","properties":{"location":"Pelabuhan Panamboang","code":"AD007","province":"Sulawesi Barat"},"geometry":{"type":"Point","coordinates":[118.84,-3.006]}},{"type":"Feature","properties":{"location":"Pelabuhan Dermagah Dungkait","code":"AD008","province":"Sulawesi Barat"},"geometry":{"type":"Point","coordinates":[118.803950345,-2.853470648]}},{"type":"Feature","properties":{"location":"Pelabuhan Ferry Mamuju","code":"AD009","province":"Sulawesi Barat"},"geometry":{"type":"Point","coordinates":[118.867482051,-2.675072218]}},{"type":"Feature","properties":{"location":"Pelabuhan Kelas I Mamuju ( Simboro )","code":"AD010","province":"Sulawesi Barat"},"geometry":{"type":"Point","coordinates":[118.893579723,-2.6681382]}},{"type":"Feature","properties":{"location":"Pelabuhan Belang- Belang","code":"AD011","province":"Sulawesi Barat"},"geometry":{"type":"Point","coordinates":[119.127912733,-2.474573404]}},{"type":"Feature","properties":{"location":"Pelabuhan Sabakattang","code":"AD012","province":"Sulawesi Barat"},"geometry":{"type":"Point","coordinates":[117.410732323,-2.220308371]}},{"type":"Feature","properties":{"location":"Pelabuhan Babana","code":"AD013","province":"Sulawesi Barat"},"geometry":{"type":"Point","coordinates":[119.193055852,-2.097554791]}},{"type":"Feature","properties":{"location":"Pelabuhan Cinoki","code":"AD014","province":"Sulawesi Barat"},"geometry":{"type":"Point","coordinates":[119.282088621,-1.680534457]}},{"type":"Feature","properties":{"location":"Pelabuhan Pasang Kayu SMART Mamuju","code":"AD015","province":"Sulawesi Barat"},"geometry":{"type":"Point","coordinates":[119.398053502,-1.135922656]}},{"type":"Feature","properties":{"location":"Pelabuhan Ambo","code":"AD016","province":"Sulawesi Barat"},"geometry":{"type":"Point","coordinates":[117.944765,-2.538119]}},{"type":"Feature","properties":{"location":"Pelabuhan Popongan","code":"AD017","province":"Sulawesi Barat"},"geometry":{"type":"Point","coordinates":[117.376677617157,-2.4585871963963]}},{"type":"Feature","properties":{"location":"Pelabuhan Salissingan","code":"AD018","province":"Sulawesi Barat"},"geometry":{"type":"Point","coordinates":[117.231649328598,-2.31509256228807]}},{"type":"Feature","properties":{"location":"Pelabuhan Nusantara Kendari","code":"AF001","province":"Sulawesi Utara"},"geometry":{"type":"Point","coordinates":[122.613960181,-3.97220704099993]}},{"type":"Feature","properties":{"location":"Pelabuhan Bungkutoko","code":"AF002","province":"Sulawesi Utara"},"geometry":{"type":"Point","coordinates":[122.613966699,-3.9771166699999]}},{"type":"Feature","properties":{"location":"Pelabuhan Murhum Baubau","code":"AF003","province":"Sulawesi Utara"},"geometry":{"type":"Point","coordinates":[122.61,-5.454722]}},{"type":"Feature","properties":{"location":"Pelabuhan Kolaka","code":"AF004","province":"Sulawesi Utara"},"geometry":{"type":"Point","coordinates":[121.587343725,-4.058212542]}},{"type":"Feature","properties":{"location":"Pelabuhan Pomalaa/Dawi-dawi","code":"AF005","province":"Sulawesi Utara"},"geometry":{"type":"Point","coordinates":[121.605094338,-4.179433356]}},{"type":"Feature","properties":{"location":"Pelabuhan Raha","code":"AF006","province":"Sulawesi Utara"},"geometry":{"type":"Point","coordinates":[122.7308,-4.841111]}},{"type":"Feature","properties":{"location":"Pelabuhan Tampo","code":"AF007","province":"Sulawesi Utara"},"geometry":{"type":"Point","coordinates":[122.7094,-4.624167]}},{"type":"Feature","properties":{"location":"Pelabuhan Pure","code":"AF008","province":"Sulawesi Utara"},"geometry":{"type":"Point","coordinates":[122.831136647,-4.897269426]}},{"type":"Feature","properties":{"location":"Pelabuhan Tondasi","code":"AF009","province":"Sulawesi Utara"},"geometry":{"type":"Point","coordinates":[122.370836257,-4.747523452]}},{"type":"Feature","properties":{"location":"Pelabuhan Tobaku","code":"AF010","province":"Sulawesi Utara"},"geometry":{"type":"Point","coordinates":[120.887339612,-3.414124569]}},{"type":"Feature","properties":{"location":"Pelabuhan Kasipute","code":"AF011","province":"Sulawesi Utara"},"geometry":{"type":"Point","coordinates":[122.064958714,-4.773571147]}},{"type":"Feature","properties":{"location":"Pelabuhan Tanjung Pising","code":"AF012","province":"Sulawesi Utara"},"geometry":{"type":"Point","coordinates":[121.8967,-5.071667]}},{"type":"Feature","properties":{"location":"Pelabuhan Sikeli","code":"AF013","province":"Sulawesi Utara"},"geometry":{"type":"Point","coordinates":[121.794877321,-5.262284982]}},{"type":"Feature","properties":{"location":"Pelabuhan Dongkala","code":"AF014","province":"Sulawesi Utara"},"geometry":{"type":"Point","coordinates":[122.051196389,-5.318241628]}},{"type":"Feature","properties":{"location":"Pelabuhan Lameruru","code":"AF015","province":"Sulawesi Utara"},"geometry":{"type":"Point","coordinates":[122.2944,-3.295833]}},{"type":"Feature","properties":{"location":"Pelabuhan Molawe","code":"AF016","province":"Sulawesi Utara"},"geometry":{"type":"Point","coordinates":[122.20101829,-3.612253814]}},{"type":"Feature","properties":{"location":"Pelabuhan Amolengo","code":"AF017","province":"Sulawesi Utara"},"geometry":{"type":"Point","coordinates":[122.851570559,-4.419440963]}},{"type":"Feature","properties":{"location":"Pelabuhan Torobulu","code":"AF018","province":"Sulawesi Utara"},"geometry":{"type":"Point","coordinates":[122.454131595,-4.445469899]}},{"type":"Feature","properties":{"location":"Pelabuhan Langara","code":"AF019","province":"Sulawesi Utara"},"geometry":{"type":"Point","coordinates":[122.987379273,-4.02031770599995]}},{"type":"Feature","properties":{"location":"Pelabuhan Munse","code":"AF020","province":"Sulawesi Utara"},"geometry":{"type":"Point","coordinates":[123.251001971,-4.101209167]}},{"type":"Feature","properties":{"location":"Pelabuhan Banabungi Pasarwajo","code":"AF021","province":"Sulawesi Utara"},"geometry":{"type":"Point","coordinates":[122.844462174,-5.51234155299994]}},{"type":"Feature","properties":{"location":"Pelabuhan Kamaru-Lasalimu","code":"AF022","province":"Sulawesi Utara"},"geometry":{"type":"Point","coordinates":[123.0678,-5.1775]}},{"type":"Feature","properties":{"location":"Pelabuhan Bandar Batauga","code":"AF023","province":"Sulawesi Utara"},"geometry":{"type":"Point","coordinates":[122.5917,-5.594444]}},{"type":"Feature","properties":{"location":"Pelabuhan Siompu","code":"AF024","province":"Sulawesi Utara"},"geometry":{"type":"Point","coordinates":[122.526320164,-5.627919857]}},{"type":"Feature","properties":{"location":"Pelabuhan Kadatua","code":"AF025","province":"Sulawesi Utara"},"geometry":{"type":"Point","coordinates":[122.526089344,-5.502347712]}},{"type":"Feature","properties":{"location":"Pelabuhan Batu Atas Timur","code":"AF026","province":"Sulawesi Utara"},"geometry":{"type":"Point","coordinates":[122.719086402,-6.205548873]}},{"type":"Feature","properties":{"location":"Pelabuhan Wamengkoli/Waara","code":"AF027","province":"Sulawesi Utara"},"geometry":{"type":"Point","coordinates":[122.599933471,-5.427175809]}},{"type":"Feature","properties":{"location":"Pelabuhan Tolandona","code":"AF028","province":"Sulawesi Utara"},"geometry":{"type":"Point","coordinates":[122.616383732,-5.366590264]}},{"type":"Feature","properties":{"location":"Pelabuhan Mawasangka","code":"AF029","province":"Sulawesi Utara"},"geometry":{"type":"Point","coordinates":[122.287591614,-5.282217323]}},{"type":"Feature","properties":{"location":"Pelabuhan Talaga Raya","code":"AF030","province":"Sulawesi Utara"},"geometry":{"type":"Point","coordinates":[122.075001398,-5.473042522]}},{"type":"Feature","properties":{"location":"Pelabuhan Ereke - Waode Buri","code":"AF031","province":"Sulawesi Utara"},"geometry":{"type":"Point","coordinates":[123.173310737,-4.773011169]}},{"type":"Feature","properties":{"location":"Pelabuhan Labuan","code":"AF032","province":"Sulawesi Utara"},"geometry":{"type":"Point","coordinates":[122.905,-4.471944]}},{"type":"Feature","properties":{"location":"Pelabuhan Wanci","code":"AF033","province":"Sulawesi Utara"},"geometry":{"type":"Point","coordinates":[122.613412238,-3.96932505799992]}},{"type":"Feature","properties":{"location":"Pelabuhan Kaledupa","code":"AF034","province":"Sulawesi Utara"},"geometry":{"type":"Point","coordinates":[123.770443098,-5.508965977]}},{"type":"Feature","properties":{"location":"Pelabuhan Tomia","code":"AF035","province":"Sulawesi Utara"},"geometry":{"type":"Point","coordinates":[123.904204707,-5.719356698]}},{"type":"Feature","properties":{"location":"Pelabuhan Binongko","code":"AF036","province":"Sulawesi Utara"},"geometry":{"type":"Point","coordinates":[124.035114336,-5.904823726]}},{"type":"Feature","properties":{"location":"Pelabuhan Galesong - Takalar","code":"AE001","province":"Sulawesi Selatan"},"geometry":{"type":"Point","coordinates":[119.356121493,-5.324445759]}},{"type":"Feature","properties":{"location":"Pelabuhan Soekarno Hatta - Makassar","code":"AE002","province":"Sulawesi Selatan"},"geometry":{"type":"Point","coordinates":[119.407789228,-5.122342358]}},{"type":"Feature","properties":{"location":"Pelabuhan Maccini Baji - Pangkajene Kepulauan","code":"AE003","province":"Sulawesi Selatan"},"geometry":{"type":"Point","coordinates":[119.492060891,-4.774400263]}},{"type":"Feature","properties":{"location":"Pelabuhan Garongkong - Barru","code":"AE004","province":"Sulawesi Selatan"},"geometry":{"type":"Point","coordinates":[119.612338393,-4.37733499599994]}},{"type":"Feature","properties":{"location":"Pelabuhan Nusantara - Pare Pare","code":"AE005","province":"Sulawesi Selatan"},"geometry":{"type":"Point","coordinates":[119.609922057,-4.01444988099996]}},{"type":"Feature","properties":{"location":"Pelabuhan Tanjung Ringgit - Palopo","code":"AE006","province":"Sulawesi Selatan"},"geometry":{"type":"Point","coordinates":[120.226702810163,-2.98143288774509]}},{"type":"Feature","properties":{"location":"Pelabuhan Bangsalae Siwa - Wajo","code":"AE007","province":"Sulawesi Selatan"},"geometry":{"type":"Point","coordinates":[120.6299387978,-3.6779878612206]}},{"type":"Feature","properties":{"location":"Pelabuhan Bajoe - Bone","code":"AE008","province":"Sulawesi Selatan"},"geometry":{"type":"Point","coordinates":[120.40431807,-4.546929124]}},{"type":"Feature","properties":{"location":"Pelabuhan Bira - Bulukumba","code":"AE009","province":"Sulawesi Selatan"},"geometry":{"type":"Point","coordinates":[120.468188939,-5.607375034]}},{"type":"Feature","properties":{"location":"Pelabuhan Pamatata - Selayar","code":"AE010","province":"Sulawesi Selatan"},"geometry":{"type":"Point","coordinates":[120.541065535843,-5.80687348381915]}},{"type":"Feature","properties":{"location":"Pelabuhan Larea Rea - Sinjai","code":"AE011","province":"Sulawesi Selatan"},"geometry":{"type":"Point","coordinates":[120.288632305,-5.116364193]}},{"type":"Feature","properties":{"location":"Pelabuhan Bungeng - Jeneponto","code":"AE012","province":"Sulawesi Selatan"},"geometry":{"type":"Point","coordinates":[119.875429469101,-5.64708801337648]}},{"type":"Feature","properties":{"location":"Pelabuhan Benteng - Selayar","code":"AE013","province":"Sulawesi Selatan"},"geometry":{"type":"Point","coordinates":[120.448611980645,-6.10036158019512]}},{"type":"Feature","properties":{"location":"Pelabuhan Perikanan Be'ba - Takalar","code":"AE014","province":"Sulawesi Selatan"},"geometry":{"type":"Point","coordinates":[119.375,-5.274]}},{"type":"Feature","properties":{"location":"Pelabuhan Perikanan Untia - Makassar","code":"AE015","province":"Sulawesi Selatan"},"geometry":{"type":"Point","coordinates":[119.476,-5.068]}},{"type":"Feature","properties":{"location":"Pelabuhan Yos Sudarso","code":"AH001","province":"Maluku"},"geometry":{"type":"Point","coordinates":[128.176683,-3.69350318]}},{"type":"Feature","properties":{"location":"Pelabuhan Penyeberangan Galala","code":"AH002","province":"Maluku"},"geometry":{"type":"Point","coordinates":[128.106772141608,-3.72794766228481]}},{"type":"Feature","properties":{"location":"Pelabuhan Penyeberangan Poka","code":"AH003","province":"Maluku"},"geometry":{"type":"Point","coordinates":[128.088490546966,-3.75297455246577]}},{"type":"Feature","properties":{"location":"Pelabuhan Penyeberangan Hunimua (Liang)","code":"AH004","province":"Maluku"},"geometry":{"type":"Point","coordinates":[128.3460395,-3.509979867]}},{"type":"Feature","properties":{"location":"Pelabuhan Penyeberangan Wairiang (Kailolo)","code":"AH005","province":"Maluku"},"geometry":{"type":"Point","coordinates":[128.4111068773,-3.54373941503168]}},{"type":"Feature","properties":{"location":"Pelabuhan Penyeberangan Umeputih (Kulur)","code":"AH006","province":"Maluku"},"geometry":{"type":"Point","coordinates":[128.560790900407,-3.47963520946724]}},{"type":"Feature","properties":{"location":"Pelabuhan Penyeberangan Wahai","code":"AH007","province":"Maluku"},"geometry":{"type":"Point","coordinates":[129.517018045308,-2.70519707254497]}},{"type":"Feature","properties":{"location":"Pelabuhan Penyeberangan Nalahia (Nusa Laut)","code":"AH008","province":"Maluku"},"geometry":{"type":"Point","coordinates":[128.790558432745,-3.63503222635763]}},{"type":"Feature","properties":{"location":"Pelabuhan Penyeberangan Jazirah Salahutu (Waai)","code":"AH009","province":"Maluku"},"geometry":{"type":"Point","coordinates":[128.337876182507,-3.55795938179922]}},{"type":"Feature","properties":{"location":"Pelabuhan Penyeberangan Amahai Ina Marina (Masohi)","code":"AH010","province":"Maluku"},"geometry":{"type":"Point","coordinates":[128.945593977718,-3.29963586193825]}},{"type":"Feature","properties":{"location":"Pelabuhan Penyeberangan Namlea","code":"AH011","province":"Maluku"},"geometry":{"type":"Point","coordinates":[127.083622838,-3.269349957]}},{"type":"Feature","properties":{"location":"Pelabuhan Penyeberangan Teluk Bara","code":"AH012","province":"Maluku"},"geometry":{"type":"Point","coordinates":[126.166634057232,-3.03405862149273]}},{"type":"Feature","properties":{"location":"Pelabuhan Penyeberangan Waipirit","code":"AH013","province":"Maluku"},"geometry":{"type":"Point","coordinates":[128.3412668,-3.335703269]}},{"type":"Feature","properties":{"location":"Pelabuhan Penyeberangan Waisala","code":"AH014","province":"Maluku"},"geometry":{"type":"Point","coordinates":[127.93307691456,-3.12204197131586]}},{"type":"Feature","properties":{"location":"Pelabuhan Penyeberangan Wailey","code":"AH015","province":"Maluku"},"geometry":{"type":"Point","coordinates":[128.619825488,-3.431085672]}},{"type":"Feature","properties":{"location":"Pelabuhan Penyeberangan Air Nanang","code":"AH016","province":"Maluku"},"geometry":{"type":"Point","coordinates":[130.822274495,-3.82602226]}},{"type":"Feature","properties":{"location":"Pelabuhan Penyeberangan Geser","code":"AH017","province":"Maluku"},"geometry":{"type":"Point","coordinates":[130.9026427,-3.879051638]}},{"type":"Feature","properties":{"location":"Pelabuhan Penyeberangan Gorom","code":"AH018","province":"Maluku"},"geometry":{"type":"Point","coordinates":[131.337697301701,-3.99964052024884]}},{"type":"Feature","properties":{"location":"Pelabuhan Penyeberangan Kesui - Pulau Kasiui","code":"AH019","province":"Maluku"},"geometry":{"type":"Point","coordinates":[131.674872463,-4.499330813]}},{"type":"Feature","properties":{"location":"Pelabuhan Penyeberangan Teor","code":"AH020","province":"Maluku"},"geometry":{"type":"Point","coordinates":[131.759417861,-4.737798456]}},{"type":"Feature","properties":{"location":"Pelabuhan Penyeberangan Ilwaki","code":"AH021","province":"Maluku"},"geometry":{"type":"Point","coordinates":[126.403791455,-7.928157788]}},{"type":"Feature","properties":{"location":"Pelabuhan Penyeberangan Lakor","code":"AH022","province":"Maluku"},"geometry":{"type":"Point","coordinates":[127.7865422,-8.155459095]}},{"type":"Feature","properties":{"location":"Pelabuhan Penyeberangan Wonreli (Kisar)","code":"AH023","province":"Maluku"},"geometry":{"type":"Point","coordinates":[127.098992675716,-8.07927542338026]}},{"type":"Feature","properties":{"location":"Pelabuhan Penyeberangan Letwurung (Tepa)","code":"AH024","province":"Maluku"},"geometry":{"type":"Point","coordinates":[129.861910315,-7.897833099]}},{"type":"Feature","properties":{"location":"Pelabuhan Penyeberangan Sermata","code":"AH025","province":"Maluku"},"geometry":{"type":"Point","coordinates":[127.701773041494,-8.12394416238202]}},{"type":"Feature","properties":{"location":"Pelabuhan Penyeberangan Tual","code":"AH026","province":"Maluku"},"geometry":{"type":"Point","coordinates":[132.623085923043,-5.46442426680213]}},{"type":"Feature","properties":{"location":"Pelabuhan Penyeberangan Toyando","code":"AH027","province":"Maluku"},"geometry":{"type":"Point","coordinates":[132.328656613412,-5.59557157350163]}},{"type":"Feature","properties":{"location":"Pelabuhan Penyeberangan Elat","code":"AH028","province":"Maluku"},"geometry":{"type":"Point","coordinates":[132.944066381253,-5.54479227313208]}},{"type":"Feature","properties":{"location":"Pelabuhan Penyeberangan Dobo","code":"AH029","province":"Maluku"},"geometry":{"type":"Point","coordinates":[134.246020931509,-5.75783402279543]}},{"type":"Feature","properties":{"location":"Pelabuhan Penyeberangan Benjina","code":"AH030","province":"Maluku"},"geometry":{"type":"Point","coordinates":[134.253863698233,-6.01093812078542]}},{"type":"Feature","properties":{"location":"Pelabuhan Penyeberangan Dermaga Lamerang","code":"AH031","province":"Maluku"},"geometry":{"type":"Point","coordinates":[134.238253152837,-5.74890841985799]}},{"type":"Feature","properties":{"location":"Pelabuhan Penyeberangan Tabarfane","code":"AH032","province":"Maluku"},"geometry":{"type":"Point","coordinates":[134.077558075602,-6.13018535017296]}},{"type":"Feature","properties":{"location":"Pelabuhan Penyeberangan Saumlaki","code":"AH033","province":"Maluku"},"geometry":{"type":"Point","coordinates":[131.269996238923,-8.00728073059181]}},{"type":"Feature","properties":{"location":"Pelabuhan Penyeberangan Larat","code":"AH034","province":"Maluku"},"geometry":{"type":"Point","coordinates":[131.717669874862,-7.05149948971465]}},{"type":"Feature","properties":{"location":"Pelabuhan Penyeberangan Wunlah","code":"AH035","province":"Maluku"},"geometry":{"type":"Point","coordinates":[131.405970550325,-7.3106822853012]}},{"type":"Feature","properties":{"location":"Pelabuhan Banda Neira","code":"AH036","province":"Maluku"},"geometry":{"type":"Point","coordinates":[129.8967710387,-4.52490812980702]}},{"type":"Feature","properties":{"location":"Pelabuhan Tulehu","code":"AH037","province":"Maluku"},"geometry":{"type":"Point","coordinates":[128.330374288039,-3.58389854624185]}},{"type":"Feature","properties":{"location":"Pelabuhan Ahmad Yani Ternate","code":"AG001","province":"Maluku Utara"},"geometry":{"type":"Point","coordinates":[127.387628732,0.78078788]}},{"type":"Feature","properties":{"location":"Pelabuhan Bastiong","code":"AG002","province":"Maluku Utara"},"geometry":{"type":"Point","coordinates":[127.345552798591,0.73676295127846]}},{"type":"Feature","properties":{"location":"Pelabuhan Rum","code":"AG003","province":"Maluku Utara"},"geometry":{"type":"Point","coordinates":[127.38595,0.737126]}},{"type":"Feature","properties":{"location":"Pelabuhan Goto","code":"AG004","province":"Maluku Utara"},"geometry":{"type":"Point","coordinates":[127.496732697989,0.670373710353925]}},{"type":"Feature","properties":{"location":"Pelabuhan Daruba","code":"AG005","province":"Maluku Utara"},"geometry":{"type":"Point","coordinates":[128.290725034,2.049824956]}},{"type":"Feature","properties":{"location":"Pelabuhan Kayoa","code":"AG006","province":"Maluku Utara"},"geometry":{"type":"Point","coordinates":[127.4477026,0.121907403]}},{"type":"Feature","properties":{"location":"Pelabuhan Sidangoli","code":"AG007","province":"Maluku Utara"},"geometry":{"type":"Point","coordinates":[127.500206348,0.886643833]}},{"type":"Feature","properties":{"location":"Pelabuhan Sofifi","code":"AG008","province":"Maluku Utara"},"geometry":{"type":"Point","coordinates":[127.559514661,0.741168971]}},{"type":"Feature","properties":{"location":"Pelabuhan Tobelo","code":"AG009","province":"Maluku Utara"},"geometry":{"type":"Point","coordinates":[128.040214198987,1.71890325464247]}},{"type":"Feature","properties":{"location":"Pelabuhan Babang","code":"AG010","province":"Maluku Utara"},"geometry":{"type":"Point","coordinates":[127.662816069609,-0.593345945591733]}},{"type":"Feature","properties":{"location":"Pelabuhan Mayau","code":"AG011","province":"Maluku Utara"},"geometry":{"type":"Point","coordinates":[126.364080818,1.319756249]}},{"type":"Feature","properties":{"location":"Pelabuhan Subaim","code":"AG012","province":"Maluku Utara"},"geometry":{"type":"Point","coordinates":[128.111009241015,1.15220708034922]}},{"type":"Feature","properties":{"location":"Pelabuhan Moti","code":"AG013","province":"Maluku Utara"},"geometry":{"type":"Point","coordinates":[127.437769694,0.453246734]}},{"type":"Feature","properties":{"location":"Pelabuhan Makian","code":"AG014","province":"Maluku Utara"},"geometry":{"type":"Point","coordinates":[127.438996794,0.331051197]}},{"type":"Feature","properties":{"location":"Pelabuhan Kupal","code":"AG015","province":"Maluku Utara"},"geometry":{"type":"Point","coordinates":[127.440506357126,-0.662226298280857]}},{"type":"Feature","properties":{"location":"Pelabuhan Busua","code":"AG016","province":"Maluku Utara"},"geometry":{"type":"Point","coordinates":[127.142980705779,-0.208938983857409]}},{"type":"Feature","properties":{"location":"Pelabuhan Indari","code":"AG017","province":"Maluku Utara"},"geometry":{"type":"Point","coordinates":[127.308116130295,-0.381536869308657]}},{"type":"Feature","properties":{"location":"Pelabuhan Buli","code":"AG018","province":"Maluku Utara"},"geometry":{"type":"Point","coordinates":[128.329424115725,0.872596479889747]}},{"type":"Feature","properties":{"location":"Pelabuhan Gebe","code":"AG019","province":"Maluku Utara"},"geometry":{"type":"Point","coordinates":[129.429435637,-0.079631321]}},{"type":"Feature","properties":{"location":"Pelabuhan Weda","code":"AG020","province":"Maluku Utara"},"geometry":{"type":"Point","coordinates":[127.93695565944,0.331847320428473]}},{"type":"Feature","properties":{"location":"Pelabuhan Sanana","code":"AG021","province":"Maluku Utara"},"geometry":{"type":"Point","coordinates":[125.991459072329,-2.058987496401]}},{"type":"Feature","properties":{"location":"Pelabuhan Bobong","code":"AG022","province":"Maluku Utara"},"geometry":{"type":"Point","coordinates":[124.382880154,-1.951383352]}},{"type":"Feature","properties":{"location":"Pelabuhan Gita","code":"AG023","province":"Maluku Utara"},"geometry":{"type":"Point","coordinates":[127.622123,0.391402]}},{"type":"Feature","properties":{"location":"Pelabuhan Hiri","code":"AG024","province":"Maluku Utara"},"geometry":{"type":"Point","coordinates":[127.328013,0.885586]}},{"type":"Feature","properties":{"location":"Pelabuhan Jailolo","code":"AG025","province":"Maluku Utara"},"geometry":{"type":"Point","coordinates":[127.47001,1.0567]}},{"type":"Feature","properties":{"location":"Pelabuhan Maba","code":"AG026","province":"Maluku Utara"},"geometry":{"type":"Point","coordinates":[128.295393,0.696984]}},{"type":"Feature","properties":{"location":"Pelabuhan Patani","code":"AG027","province":"Maluku Utara"},"geometry":{"type":"Point","coordinates":[128.750859,0.280999]}},{"type":"Feature","properties":{"location":"Pelabuhan Loleo","code":"AG028","province":"Maluku Utara"},"geometry":{"type":"Point","coordinates":[127.53462,0.566695]}},{"type":"Feature","properties":{"location":"Pelabuhan Saketa","code":"AG029","province":"Maluku Utara"},"geometry":{"type":"Point","coordinates":[127.84488,-0.359073]}},{"type":"Feature","properties":{"location":"Pelabuhan Dama","code":"AG030","province":"Maluku Utara"},"geometry":{"type":"Point","coordinates":[127.796538,2.222178]}},{"type":"Feature","properties":{"location":"Pelabuhan Tifure","code":"AG031","province":"Maluku Utara"},"geometry":{"type":"Point","coordinates":[126.147486,0.968103]}},{"type":"Feature","properties":{"location":"Pelabuhan Kawasi","code":"AG032","province":"Maluku Utara"},"geometry":{"type":"Point","coordinates":[127.405246,-1.59004]}},{"type":"Feature","properties":{"location":"Pelabuhan Laiwui","code":"AG033","province":"Maluku Utara"},"geometry":{"type":"Point","coordinates":[127.636261,-1.334466]}},{"type":"Feature","properties":{"location":"Pelabuhan Jojame","code":"AG034","province":"Maluku Utara"},"geometry":{"type":"Point","coordinates":[127.598328,-1.209444]}},{"type":"Feature","properties":{"location":"Pelabuhan Tikong","code":"AG035","province":"Maluku Utara"},"geometry":{"type":"Point","coordinates":[124.527177,-1.664978]}},{"type":"Feature","properties":{"location":"Pelabuhan Falabisahaya","code":"AG036","province":"Maluku Utara"},"geometry":{"type":"Point","coordinates":[125.484006,-1.789785]}},{"type":"Feature","properties":{"location":"Pelabuhan Pasipa","code":"AG037","province":"Maluku Utara"},"geometry":{"type":"Point","coordinates":[125.378826,-1.881373]}},{"type":"Feature","properties":{"location":"Pelabuhan Bisui","code":"AG038","province":"Maluku Utara"},"geometry":{"type":"Point","coordinates":[128.083071,-0.471146]}},{"type":"Feature","properties":{"location":"Pelabuhan Mesa","code":"AG039","province":"Maluku Utara"},"geometry":{"type":"Point","coordinates":[128.292678,0.399035]}},{"type":"Feature","properties":{"location":"Pelabuhan Mafa","code":"AG040","province":"Maluku Utara"},"geometry":{"type":"Point","coordinates":[127.893424,0.053341]}},{"type":"Feature","properties":{"location":"Pelabuhan Tomara","code":"AG041","province":"Maluku Utara"},"geometry":{"type":"Point","coordinates":[127.844416,-0.70775]}},{"type":"Feature","properties":{"location":"Pelabuhan Loloda","code":"AG042","province":"Maluku Utara"},"geometry":{"type":"Point","coordinates":[127.769596,2.198841]}},{"type":"Feature","properties":{"location":"Pelabuhan Guruapin","code":"AG043","province":"Maluku Utara"},"geometry":{"type":"Point","coordinates":[127.411626,0.009919]}},{"type":"Feature","properties":{"location":"Pelabuhan Dowora","code":"AG044","province":"Maluku Utara"},"geometry":{"type":"Point","coordinates":[127.456274,0.692827]}},{"type":"Feature","properties":{"location":"Pelabuhan Dodola","code":"AG045","province":"Maluku Utara"},"geometry":{"type":"Point","coordinates":[128.19498,2.085043]}},{"type":"Feature","properties":{"location":"Pelabuhan Maitara","code":"AG046","province":"Maluku Utara"},"geometry":{"type":"Point","coordinates":[127.378887,0.735077]}},{"type":"Feature","properties":{"location":"Pelabuhan Laigoma","code":"AG047","province":"Maluku Utara"},"geometry":{"type":"Point","coordinates":[127.218215,0.13277]}},{"type":"Feature","properties":{"location":"Pelabuhan Jayapura","code":"AL001","province":"Papua"},"geometry":{"type":"Point","coordinates":[140.712821883,-2.545156608]}},{"type":"Feature","properties":{"location":"Pelabuhan Depapre","code":"AL002","province":"Papua"},"geometry":{"type":"Point","coordinates":[140.425372474518,-2.264033414395]}},{"type":"Feature","properties":{"location":"Pelabuhan Demta","code":"AL003","province":"Papua"},"geometry":{"type":"Point","coordinates":[140.179000701213,-2.27308304663875]}},{"type":"Feature","properties":{"location":"Pelabuhan Sarmi","code":"AL004","province":"Papua"},"geometry":{"type":"Point","coordinates":[138.751551285,-1.857062452]}},{"type":"Feature","properties":{"location":"Pelabuhan Masi-Masi","code":"AL005","province":"Papua"},"geometry":{"type":"Point","coordinates":[139.012744732,-1.943736458]}},{"type":"Feature","properties":{"location":"Pelabuhan Biak","code":"AL006","province":"Papua"},"geometry":{"type":"Point","coordinates":[136.075756657,-1.185164423]}},{"type":"Feature","properties":{"location":"Pelabuhan Saribi (Numfor)","code":"AL007","province":"Papua"},"geometry":{"type":"Point","coordinates":[134.872815115,-1.132807208]}},{"type":"Feature","properties":{"location":"Pelabuhan Bromsi","code":"AL008","province":"Papua"},"geometry":{"type":"Point","coordinates":[136.599666438,-1.226367357]}},{"type":"Feature","properties":{"location":"Pelabuhan Korido","code":"AL009","province":"Papua"},"geometry":{"type":"Point","coordinates":[135.587301206,-0.838148453]}},{"type":"Feature","properties":{"location":"Pelabuhan Serui","code":"AL010","province":"Papua"},"geometry":{"type":"Point","coordinates":[136.245108473,-1.88761865699996]}},{"type":"Feature","properties":{"location":"Pelabuhan Dawai","code":"AL011","province":"Papua"},"geometry":{"type":"Point","coordinates":[136.725146339,-1.815798683]}},{"type":"Feature","properties":{"location":"Pelabuhan Kaipuri","code":"AL012","province":"Papua"},"geometry":{"type":"Point","coordinates":[136.987650234,-1.849909785]}},{"type":"Feature","properties":{"location":"Pelabuhan Waren","code":"AL013","province":"Papua"},"geometry":{"type":"Point","coordinates":[136.423178149,-2.204061936]}},{"type":"Feature","properties":{"location":"Pelabuhan Teba","code":"AL014","province":"Papua"},"geometry":{"type":"Point","coordinates":[137.904451811547,-1.42382396162356]}},{"type":"Feature","properties":{"location":"Pelabuhan Klademak","code":"AI001","province":"Papua Barat Daya"},"geometry":{"type":"Point","coordinates":[131.27053441,-0.887681644]}},{"type":"Feature","properties":{"location":"Pelabuhan Waesai","code":"AI002","province":"Papua Barat Daya"},"geometry":{"type":"Point","coordinates":[130.80481824,-0.431946474]}},{"type":"Feature","properties":{"location":"Pelabuhan Arar","code":"AI003","province":"Papua Barat Daya"},"geometry":{"type":"Point","coordinates":[131.161921038501,-0.943115579690422]}},{"type":"Feature","properties":{"location":"Pelabuhan Pelayaran Rakyat Sorong","code":"AI004","province":"Papua Barat Daya"},"geometry":{"type":"Point","coordinates":[131.246822849,-0.877645165]}},{"type":"Feature","properties":{"location":"Pelabuhan Dermaga Usaha Mina","code":"AI005","province":"Papua Barat Daya"},"geometry":{"type":"Point","coordinates":[131.252591933,-0.877754004]}},{"type":"Feature","properties":{"location":"Pelabuhan Utama Sorong","code":"AI006","province":"Papua Barat Daya"},"geometry":{"type":"Point","coordinates":[131.246895597482,-0.878334754871269]}},{"type":"Feature","properties":{"location":"Pelabuhan Teminabuan","code":"AI007","province":"Papua Barat Daya"},"geometry":{"type":"Point","coordinates":[131.837475054909,-1.62344137724129]}},{"type":"Feature","properties":{"location":"Pelabuhan Sausapor","code":"AI008","province":"Papua Barat Daya"},"geometry":{"type":"Point","coordinates":[132.082648006115,-0.508569902375941]}},{"type":"Feature","properties":{"location":"Pelabuhan Inanwatan","code":"AI009","province":"Papua Barat Daya"},"geometry":{"type":"Point","coordinates":[132.163602147487,-2.16685526759927]}},{"type":"Feature","properties":{"location":"Pelabuhan Yellu Misool","code":"AI010","province":"Papua Barat Daya"},"geometry":{"type":"Point","coordinates":[130.41253190005,-2.05747551674]}},{"type":"Feature","properties":{"location":"Pelabuhan Folley Misool","code":"AI011","province":"Papua Barat Daya"},"geometry":{"type":"Point","coordinates":[130.41162702995,-1.7723972434639]}},{"type":"Feature","properties":{"location":"Pelabuhan Samabusa Nabire","code":"AK001","province":"Papua Tengah"},"geometry":{"type":"Point","coordinates":[135.583474298,-3.2310327]}},{"type":"Feature","properties":{"location":"Pelabuhan Pomako Timika","code":"AK002","province":"Papua Tengah"},"geometry":{"type":"Point","coordinates":[136.768391525,-4.84033638399995]}},{"type":"Feature","properties":{"location":"Pelabuhan Amamapare Timika","code":"AK003","province":"Papua Tengah"},"geometry":{"type":"Point","coordinates":[136.789376434,-4.86521923099996]}},{"type":"Feature","properties":{"location":"Pelabuhan Manokwari","code":"AJ001","province":"Papua Barat"},"geometry":{"type":"Point","coordinates":[134.075466395,-0.888787653999941]}},{"type":"Feature","properties":{"location":"Pelabuhan Marampa","code":"AJ002","province":"Papua Barat"},"geometry":{"type":"Point","coordinates":[134.06805423,-0.904656515999932]}},{"type":"Feature","properties":{"location":"Pelabuhan Oransbari","code":"AJ003","province":"Papua Barat"},"geometry":{"type":"Point","coordinates":[134.271376892,-1.351752368]}},{"type":"Feature","properties":{"location":"Pelabuhan Fak-Fak","code":"AJ004","province":"Papua Barat"},"geometry":{"type":"Point","coordinates":[132.3094,-2.9325]}},{"type":"Feature","properties":{"location":"Pelabuhan Kaimana","code":"AJ005","province":"Papua Barat"},"geometry":{"type":"Point","coordinates":[133.7594,-3.66306]}},{"type":"Feature","properties":{"location":"Pelabuhan Bintuni","code":"AJ006","province":"Papua Barat"},"geometry":{"type":"Point","coordinates":[133.569693351,-2.24082648399996]}},{"type":"Feature","properties":{"location":"Pelabuhan Wasior","code":"AJ007","province":"Papua Barat"},"geometry":{"type":"Point","coordinates":[134.505306981,-2.727168652]}},{"type":"Feature","properties":{"location":"Pelabuhan Agats","code":"AM001","province":"Papua Selatan"},"geometry":{"type":"Point","coordinates":[137.807617809747,-5.63002940963621]}},{"type":"Feature","properties":{"location":"Pelabuhan Wanam","code":"AM002","province":"Papua Selatan"},"geometry":{"type":"Point","coordinates":[139.099513860188,-7.55148020268984]}},{"type":"Feature","properties":{"location":"Pelabuhan Kimaam","code":"AM003","province":"Papua Selatan"},"geometry":{"type":"Point","coordinates":[138.923664822505,-8.0632669782384]}},{"type":"Feature","properties":{"location":"Pelabuhan Merauke","code":"AM004","province":"Papua Selatan"},"geometry":{"type":"Point","coordinates":[140.331115766176,-8.48837881750748]}}]}